-- phpMyAdmin SQL Dump
-- version 5.1.0
-- https://www.phpmyadmin.net/
--
-- Host: 127.0.0.1
-- Generation Time: Sep 28, 2021 at 06:03 PM
-- Server version: 10.4.18-MariaDB
-- PHP Version: 8.0.3

SET SQL_MODE = "NO_AUTO_VALUE_ON_ZERO";
START TRANSACTION;
SET time_zone = "+00:00";


/*!40101 SET @OLD_CHARACTER_SET_CLIENT=@@CHARACTER_SET_CLIENT */;
/*!40101 SET @OLD_CHARACTER_SET_RESULTS=@@CHARACTER_SET_RESULTS */;
/*!40101 SET @OLD_COLLATION_CONNECTION=@@COLLATION_CONNECTION */;
/*!40101 SET NAMES utf8mb4 */;

--
-- Database: `umab`
--

DELIMITER $$
--
-- Procedures
--
CREATE DEFINER=`root`@`localhost` PROCEDURE `fshijeAnkesa` (IN `p_id_ankesa` INT(11))  NO SQL
DELETE
FROM
    umab_ankesat
WHERE
    id_ankesa = p_id_ankesa$$

CREATE DEFINER=`root`@`localhost` PROCEDURE `fshijeAntarsime` (IN `p_id_antarsimi` INT(11))  NO SQL
DELETE
FROM
    umab_antarsimet
WHERE
    id_antarsimi = p_id_antarsimi$$

CREATE DEFINER=`root`@`localhost` PROCEDURE `fshijeDega` (IN `p_id_dega` INT(11))  DELETE
FROM
    umab_dega
WHERE
    id_dega = p_id_dega$$

CREATE DEFINER=`root`@`localhost` PROCEDURE `fshijeMeny` (IN `p_id_meny` INT(11))  NO SQL
DELETE
FROM
    umab_menyt
WHERE
    id_meny = p_id_meny$$

CREATE DEFINER=`root`@`localhost` PROCEDURE `fshijePerdorues` (IN `p_id_p` INT(11))  NO SQL
DELETE
FROM
    umab_perdoruesit
WHERE
    id_p = p_id_p$$

CREATE DEFINER=`root`@`localhost` PROCEDURE `fshijeTedhena` (IN `p_id_tedhenat` INT(11))  NO SQL
DELETE
FROM
    umab_tedhenat
WHERE
    id_tedhenat = p_id_tedhenat$$

CREATE DEFINER=`root`@`localhost` PROCEDURE `modifikoAnkesa` (IN `p_id_ankesa` INT(11), IN `p_subjekti` VARCHAR(100), IN `p_ankesa` VARCHAR(500), IN `p_emaili` VARCHAR(50))  NO SQL
UPDATE
    umab_ankesat
SET
    subjekti = p_subjekti,
    ankesa = p_ankesa,
    emaili = p_emaili
WHERE
    id_ankesa = p_id_ankesa$$

CREATE DEFINER=`root`@`localhost` PROCEDURE `modifikoAntarsime` (IN `p_id_antarsimi` INT(11), IN `p_emri` VARCHAR(50), IN `p_mbiemri` VARCHAR(50), IN `p_emri_prindit` VARCHAR(50), IN `p_adresa` VARCHAR(50), IN `p_nr_identifikues` INT(11), IN `p_numri` INT(11), IN `p_id_dega` INT(11), IN `p_image` BLOB, IN `p_name` VARCHAR(25))  NO SQL
UPDATE
    umab_antarsimet
SET
    emri = p_emri,
    mbiemri = p_mbiemri,
    emri_prindit = p_emri_prindit,
    adresa = p_adresa,
    nr_identifikues = p_nr_identifikues,
    numri = p_numri,
    id_dega = p_id_dega,
    image = p_image,
    name = p_name
WHERE
    id_antarsimi = p_id_antarsimi$$

CREATE DEFINER=`root`@`localhost` PROCEDURE `modifikoDega` (IN `p_id_dega` INT(11), IN `p_dega` VARCHAR(50))  NO SQL
UPDATE
    umab_dega
SET
    dega = p_dega
WHERE
    id_dega = p_id_dega$$

CREATE DEFINER=`root`@`localhost` PROCEDURE `modifikoMeny` (IN `p_id_meny` INT(11), IN `p_meny_emri` VARCHAR(50), IN `p_meny_linku` VARCHAR(100), IN `p_moduli` VARCHAR(50))  NO SQL
UPDATE
    umab_menyt
SET
    meny_emri = p_meny_emri,
    meny_linku = p_meny_linku,
    moduli = p_moduli
WHERE
    id_meny = p_id_meny$$

CREATE DEFINER=`root`@`localhost` PROCEDURE `modifikoPerdorues` (IN `p_id_p` INT(11), IN `p_nr_identifikues` INT(12), IN `p_fjalkalimi` VARCHAR(50), IN `p_emri` VARCHAR(50), IN `p_mbiemri` VARCHAR(50), IN `p_emaili` VARCHAR(50), IN `p_nr_telefonit` INT(15))  NO SQL
UPDATE
    umab_perdoruesit
SET
   nr_identifikues = p_nr_identifikues,
    fjalkalimi = p_fjalkalimi,
    emri = p_emri,
    mbiemri = p_mbiemri,
    emaili = p_emaili,
    nr_telefonit = p_nr_telefonit
WHERE
    id_p = p_id_p$$

CREATE DEFINER=`root`@`localhost` PROCEDURE `modifikoTedhena` (IN `p_id_tedhenat` INT(11), IN `p_titulli` VARCHAR(100), IN `p_pershkrimi` VARCHAR(1000), IN `p_dosja` VARCHAR(255), IN `p_pamjafaqes` VARCHAR(100))  NO SQL
UPDATE
    umab_tedhenat
SET
    titulli = p_titulli,
    pershkrimi = p_pershkrimi,
    dosja = p_dosja,
    pamjafaqes = p_pamjafaqes
WHERE
    id_tedhenat = p_id_tedhenat$$

CREATE DEFINER=`root`@`localhost` PROCEDURE `selectTermAnkesat` (IN `p_term` VARCHAR(200))  SELECT
    *
FROM
    umab_ankesat
WHERE
    subjekti LIKE CONCAT('%', p_term , '%') OR emaili LIKE CONCAT('%', p_term , '%')$$

CREATE DEFINER=`root`@`localhost` PROCEDURE `selektAnkesa` (IN `p_id_ankesa` INT(11))  NO SQL
SELECT
    *
FROM
    umab_ankesat
WHERE
    id_ankesa = p_id_ankesa$$

CREATE DEFINER=`root`@`localhost` PROCEDURE `selektAntarsime` (IN `p_id_antarsimi` INT(11))  NO SQL
SELECT
    *
FROM
    umab_antarsimet
WHERE
    id_antarsimi = p_id_antarsimi$$

CREATE DEFINER=`root`@`localhost` PROCEDURE `selektAntarsimetPrd` ()  NO SQL
SELECT  
f.dega,
s.emri,
s.mbiemri,
s.emri_prindit,
s.adresa,
s.nr_identifikues,
s.numri,
s.image,
s.name
FROM umab_antarsimet s
LEFT OUTER JOIN umab_dega f ON s.id_dega = f.id_dega
GROUP BY f.dega, s.emri, s.mbiemri, s.emri_prindit, s.adresa, s.image, s.name
ORDER BY f.id_dega, s.id_antarsimi ASC$$

CREATE DEFINER=`root`@`localhost` PROCEDURE `selektDege` (IN `p_id_dega` INT(11))  NO SQL
SELECT
    *
FROM
    umab_dega
WHERE
    id_dega = p_id_dega$$

CREATE DEFINER=`root`@`localhost` PROCEDURE `selektKembafaqesAdresa` ()  NO SQL
SELECT titulli, pershkrimi, dosja  FROM umab_tedhenat WHERE pamjafaqes="kembaFaqes_Adresa"$$

CREATE DEFINER=`root`@`localhost` PROCEDURE `selektKembafaqesCopyright` ()  NO SQL
SELECT titulli, pershkrimi, dosja  FROM umab_tedhenat WHERE pamjafaqes="kembafaqes_copyright"$$

CREATE DEFINER=`root`@`localhost` PROCEDURE `selektKembafaqesLinqet` ()  NO SQL
SELECT titulli, pershkrimi, dosja  FROM umab_tedhenat WHERE pamjafaqes="kembaFaqes_Linqet"$$

CREATE DEFINER=`root`@`localhost` PROCEDURE `selektKembafaqesRrSociale` ()  NO SQL
SELECT titulli, pershkrimi, dosja  FROM umab_tedhenat WHERE pamjafaqes="kembaFaqes_RrSociale"$$

CREATE DEFINER=`root`@`localhost` PROCEDURE `selektKokaFaqes` ()  NO SQL
SELECT titulli, pershkrimi, dosja  FROM umab_tedhenat WHERE pamjafaqes="kokaFaqes"$$

CREATE DEFINER=`root`@`localhost` PROCEDURE `selektKontrollo` (IN `p_nr_identifikues` INT(12))  NO SQL
SELECT
    nr_identifikues,emri
FROM
    umab_perdoruesit
WHERE
    nr_identifikues = p_nr_identifikues$$

CREATE DEFINER=`root`@`localhost` PROCEDURE `selektKycu` (IN `p_nr_identifikues` INT(12), IN `p_fjalkalimi` VARCHAR(50))  NO SQL
SELECT
    id_p
FROM
    umab_perdoruesit
WHERE
    nr_identifikues = p_nr_identifikues AND fjalkalimi = p_fjalkalimi$$

CREATE DEFINER=`root`@`localhost` PROCEDURE `selektMeny` (IN `p_id_meny` INT(11))  NO SQL
SELECT
    *
FROM
    umab_menyt
WHERE
    id_meny = p_id_meny$$

CREATE DEFINER=`root`@`localhost` PROCEDURE `selektMenyAdm` ()  NO SQL
SELECT meny_emri, meny_linku  FROM umab_menyt WHERE moduli="ModuliAdministratorit"
ORDER BY id_meny ASC$$

CREATE DEFINER=`root`@`localhost` PROCEDURE `selektMenyPrd` ()  NO SQL
SELECT meny_emri, meny_linku  FROM umab_menyt WHERE moduli="ModuliPerdoruesit"
ORDER BY id_meny ASC$$

CREATE DEFINER=`root`@`localhost` PROCEDURE `selektPerdoruesit` (IN `p_id_p` INT(11))  NO SQL
SELECT
    *
FROM
    umab_perdoruesit
WHERE
    id_p = p_id_p$$

CREATE DEFINER=`root`@`localhost` PROCEDURE `selektTedhenat` (IN `p_id_tedhenat` INT(11))  NO SQL
SELECT
    *
FROM
    umab_tedhenat
WHERE
    id_tedhenat = p_id_tedhenat$$

CREATE DEFINER=`root`@`localhost` PROCEDURE `selektTermAntarsimet` (IN `p_term` VARCHAR(200))  NO SQL
SELECT
	s.id_antarsimi,
  s.emri,
  s.mbiemri,
  s.emri_prindit,
  s.adresa,
  s.nr_identifikues,
  s.numri,
  f.dega,
  s.image,
  s.name

FROM
  umab_antarsimet s
INNER JOIN
  umab_dega f ON s.id_dega = f.id_dega
WHERE
  s.emri LIKE CONCAT('%', p_term , '%') OR s.numri LIKE CONCAT('%', p_term  , '%')$$

CREATE DEFINER=`root`@`localhost` PROCEDURE `selektTermDega` (IN `p_term` VARCHAR(200))  NO SQL
SELECT
    *
FROM
    umab_dega
WHERE
    dega LIKE CONCAT('%', p_term , '%')$$

CREATE DEFINER=`root`@`localhost` PROCEDURE `selektTermMenyt` (IN `p_term` VARCHAR(200))  NO SQL
SELECT
    *
FROM
    umab_menyt
WHERE
    meny_emri LIKE CONCAT('%', p_term , '%') OR moduli LIKE CONCAT('%', p_term , '%')$$

CREATE DEFINER=`root`@`localhost` PROCEDURE `selektTermPerdoruesit` (IN `p_term` VARCHAR(200))  NO SQL
SELECT
    *
FROM
    umab_perdoruesit
WHERE
    nr_identifikues LIKE CONCAT('%', p_term , '%') OR emaili LIKE CONCAT('%', p_term , '%')$$

CREATE DEFINER=`root`@`localhost` PROCEDURE `selektTermTedhenat` (IN `p_term` VARCHAR(200))  NO SQL
SELECT
    *
FROM
    umab_tedhenat
WHERE
    titulli LIKE CONCAT('%', p_term , '%') OR pamjafaqes LIKE CONCAT('%', p_term , '%')$$

CREATE DEFINER=`root`@`localhost` PROCEDURE `selektUmabDega` (IN `p_id_dega` INT(11))  NO SQL
SELECT
    *
FROM
    umab_dega$$

CREATE DEFINER=`root`@`localhost` PROCEDURE `shtoAnkesa` (IN `subjekti` VARCHAR(100), IN `ankesa` VARCHAR(500), IN `emaili` VARCHAR(50))  NO SQL
INSERT INTO umab_ankesat(
    subjekti,
    ankesa,
    emaili
)
VALUES(
    subjekti,
    ankesa,
    emaili
)$$

CREATE DEFINER=`root`@`localhost` PROCEDURE `shtoAntarsimet` (IN `emri` VARCHAR(50), IN `mbiemri` VARCHAR(50), IN `emri_prindit` VARCHAR(50), IN `adresa` VARCHAR(50), IN `nr_identifikues` INT(11), IN `numri` INT(11), IN `id_dega` INT(11), IN `image` BLOB, IN `name` VARCHAR(25))  NO SQL
INSERT INTO umab_antarsimet(
    emri,
    mbiemri,
    emri_prindit,
    adresa,
    nr_identifikues,
    numri,
    id_dega,
    image,
    name
)
VALUES(
    emri,
    mbiemri,
    emri_prindit,
    adresa,
    nr_identifikues,
    numri,
    id_dega,
    image,
    name
    
)$$

CREATE DEFINER=`root`@`localhost` PROCEDURE `shtoDega` (IN `dega` VARCHAR(50))  NO SQL
INSERT INTO umab_dega(
    dega
)
VALUES(
    dega
)$$

CREATE DEFINER=`root`@`localhost` PROCEDURE `shtoMeny` (IN `meny_emri` VARCHAR(50), IN `meny_linku` VARCHAR(100), IN `moduli` VARCHAR(50))  NO SQL
INSERT INTO umab_menyt(
    meny_emri,
    meny_linku,
    moduli
)
VALUES(
    meny_emri,
    meny_linku,
    moduli
)$$

CREATE DEFINER=`root`@`localhost` PROCEDURE `shtoPerdorues` (IN `nr_identifikues` INT(12), IN `fjalkalimi` VARCHAR(50), IN `emri` VARCHAR(50), IN `mbiemri` VARCHAR(50), IN `emaili` VARCHAR(50), IN `nr_telefonit` INT(15))  NO SQL
INSERT INTO umab_perdoruesit(
    nr_identifikues,
    fjalkalimi,
    emri,
    mbiemri,
    emaili,
    nr_telefonit
)
VALUES(
    nr_identifikues,
    fjalkalimi,
    emri,
    mbiemri,
    emaili,
    nr_telefonit
    
)$$

CREATE DEFINER=`root`@`localhost` PROCEDURE `shtoTedhenat` (IN `titulli` VARCHAR(100), IN `pershkrimi` VARCHAR(1000), IN `dosja` VARCHAR(255), IN `pamjafaqes` VARCHAR(100))  NO SQL
INSERT INTO umab_tedhenat(
    titulli,
    pershkrimi,
    dosja,
    pamjafaqes
)
VALUES(
    titulli,
    pershkrimi,
    dosja,
    pamjafaqes
)$$

DELIMITER ;

-- --------------------------------------------------------

--
-- Table structure for table `umab_ankesat`
--

CREATE TABLE `umab_ankesat` (
  `id_ankesa` int(11) NOT NULL,
  `subjekti` varchar(100) NOT NULL,
  `ankesa` varchar(500) NOT NULL,
  `emaili` varchar(50) NOT NULL
) ENGINE=InnoDB DEFAULT CHARSET=latin1;

--
-- Dumping data for table `umab_ankesat`
--

INSERT INTO `umab_ankesat` (`id_ankesa`, `subjekti`, `ankesa`, `emaili`) VALUES
(1, 'Zhurma ne Bibloteke', 'Pasi tani eshte afati i Janarit do te doja qe te kemi me shum rregulla ne bibiloteke pasi qe dihet qe ka shume fluks, behet tollovi dhe krijohen zhurma te pa lakmueshme per bibiloteken e qytetit. ', 'Dion.islami.st@uni-gjilan.net');

-- --------------------------------------------------------

--
-- Table structure for table `umab_antarsimet`
--

CREATE TABLE `umab_antarsimet` (
  `id_antarsimi` int(11) NOT NULL,
  `emri` varchar(50) NOT NULL,
  `mbiemri` varchar(50) NOT NULL,
  `emri_prindit` varchar(50) NOT NULL,
  `adresa` varchar(50) NOT NULL,
  `nr_identifikues` int(11) NOT NULL,
  `numri` int(11) NOT NULL,
  `id_dega` int(11) NOT NULL,
  `image` blob NOT NULL,
  `name` varchar(25) NOT NULL
) ENGINE=InnoDB DEFAULT CHARSET=latin1;

--
-- Dumping data for table `umab_antarsimet`
--

INSERT INTO `umab_antarsimet` (`id_antarsimi`, `emri`, `mbiemri`, `emri_prindit`, `adresa`, `nr_identifikues`, `numri`, `id_dega`, `image`, `name`) VALUES
(1, 'Eda', 'Islami', 'Edmond', 'Gjilan', 1111111111, 1, 14, 0x89504e470d0a1a0a0000000d4948445200000200000002000803000000c3a624c80000000373424954080808dbe14fe00000000970485973000074b0000074b0015fb59fdd0000001974455874536f667477617265007777772e696e6b73636170652e6f72679bee3c1a000002f7504c5445ffffff0000000000000000000000000000000000000000000000000000000000000000000000000000000000000000000000000000000000000000000000000000000000000000000000000000000000000000000000000000000000000000000000000000000000000000000000000000000000000000000000000000000000000000000000000000000000000000000000000000000000000000000000000000000000000000000000000000000000000000000000000000000000000000000000000000000000000000000000000000000000000000000000000000000000000000000000000000000000000000000000000000000000000000000000000000000000000000000000000000000000000000000000000000000000000000000000000000000000000000000000000000000000000000000000000000000000000000000000000000000000000000000000000000000000000000000000000000000000000000000000000000000000000000000000000000000000000000000000000000000000000000000000000000000000000000000000000000000000000000000000000000000000000000000000000000000000000000000000000000000000000000000000000000000000000000000000000000000000000000000000000000000000000000000000000000000000000000000000000000000000000000000000000000000000000000000000000000000000000000000000000000000000000000000000000000000000000000000000000000000000000000000000000000000000000000000000000000000000000000000000000000000000000000000000000000000000000000000000000000000000000000000000000000000000000000000000000000000000000000000000000000000000000000000000000000000000000000000000000000000000000000000000000000000000000000000000000000000000000000000000000000000000000000000000000000000000000000000000000000000000000000000000005729c577000000fc74524e53000102030405060708090a0b0c0d0e0f101112131415161718191a1b1c1d1e1f202122232425262728292a2b2c2d2e2f303132333435363738393a3b3c3d3e3f4041434445464748494a4b4c4d4e4f505152535455565758595a5b5c5d5e5f606162636465666768696a6b6c6d6e707172737475767778797a7b7c7d7e7f808182838485868788898a8b8c8d8e8f909192939495969798999a9b9c9d9e9fa0a1a2a3a4a5a6a7a8a9aaabacadaeafb0b1b2b3b4b5b6b7b8b9babbbcbdbebfc0c1c2c3c4c5c6c7c8c9cacbcccdcecfd0d1d2d3d4d5d6d7d9dadbdcdddedfe0e1e2e3e4e5e6e7e8e9eaebecedeeeff0f1f2f3f4f5f6f7f8f9fafbfcfdfea593478b000010504944415478daedddf97f55c5ddc0f14908094928b26b9055454044aa75076a556a692b4b152cad05c1f03c52a816b48a8222021523824a6553c1a26c5564539088d252b18008b840114184a24024b286847beff9a17dfaeaeb79d5d6e5de7be6cc9defcce7f31724e7fb7edd65ceb9334a111111111111111111111191d335279f6ba602f2b9130000000180004000200010000800040002000180004000200010000800040002000180004000200010000800040002000180004000200038d8e1b50b673d316ef890bbee7fe8b1e98700e0519fbcf6bbc1579ffe855d150600c087621f2c79a8dfa5b5bf6c5f8d5701e074159be6dcdbab5dde576fac321800ae76e44f13fbb4adf6f5fbead499c55b808b95bff670ef56d9dfbcafd28ff7f22dc0b5ca56fcb6e799c96dab55633a5f039dead3971ee8d134f96dd51aaf631dc09d3e5f38b84d6adbea75da1700c091fffdb5bb2fa996eab68ac55501001c28fed6b8cef9696cab79752c0080f83e987c7dddf4b6556d72200080ecf6cdeedf34ed6d75f3d6050090dc67d3aecc0eb3aff2230100e47674f6b5d5c3edab5d78180052ab5adcbb30f4c6ea5d0300c8fcc8fffa80ba3a76d61f000089adff75234d472b5c0500716dbdb7a5beb335b276004054c7277f5befe92ac30120a8bdf7d4d37dbc4ed101004869639fdc080e583abf1c00124a2cbe32a223b62e390c00fbbff53d7b767487ac753a0600cb5bdc2ed263f62edb0f009b5b7579d4072db6d802006bdb708d81a3364f2905809d6deb9965e4b0d59c6900b0b0ca9179c6cedbbd3d0e00dbfa636b93272e773f0600ab3a589ca58cf69dbd00b0a839a71a3f75bdf12600d8d2ce1fa80c54732900ece8b99a2a23557b14001654f13f2a630d8a0120d37df06d95c1ba1c0640669b5f4b65b476bb0090c9b59fc12ad39db60e0099fbf47fa1ca7cf9cf032043adada76c28eb410064a4570a9525dd1203400616ffaa2b6bfaf15100986e52b6b2a88bf601c06cf72abb3ae3af0030587ca0b2ad7a7f0680b9afff3d957dd5781e00863a72b5b2b1ec090030d2810b95a5dd160740f495b755d6765d050022ff83af5016d7a10c00d196f8a9b2ba563b0010697728cb6bb81e0011f6b8b2bec2250088ac95d9f60350d5a60020a2f61729110d4b0020920f805d94906e3c0980082a5162ea791200da5b575d0e0075430c009a3b7ea69254ef1800f476bf92553100b4b6ab4018003515003aeb256dfe2a6f3d00f4b54ac9ab59190074156b2f1080ea06005dcd55225b04004d759409a0f9310068699312dadd00d052b15400b93b00a0a183f95201a8c100d05089d8f9ab82cf0010be73e50250a30110badd82e7af4e3d0180b04d930cc0f6b50009007a8806d0070021abaa251a40ed2a0084eb7525bbe50008d730e1000602205cdd84036807007f5701feafec43000853225f3800550a8030ed913e7f350a0061faa37800d701204c4f8907f05d008469b878006d0010a65bc50368008030158b07901d0740887e261e802a034088bacb07b0150021fabe7c00ab0110a28ef2012c0040882e900f602a0042d45a3e807100085153f9007e0b8010d50780df000a00e03580441600bc06704c01c06b000700e037808f01e037801d00f01bc07607008c0540fa6d0380df00b602c06f00ef03c06f00ef02c06f009b01e037808d00f01bc00600f80d603d00fc06b0d601006300907e6f02c06f007f0680df00fe0400bf01ac0280df005e0780df005e0380df005e0580df004a01e03780150e00180d80f47b05007e03580e00bf012c0380df005e0680df009602c06f004b00e03780c500f01bc02200f80d60a103001e0040fabd0800bf012c0080df005e0080df00fe0000bf01cc0780df00e601c06f007301e037803900f01bc06c07008c0240fa3d0700bf01cc0280df007e0f00bf013c0300bf01cc0480df006600c06f004f03c06f004f01c06f004f3a00e07e00a4df3400f80d602a00fc063005007e03980c00bf013c0100bf01fc0e007e03980400bf013c0600bf013cea0080910048bf8900f01bc00400f80de01100f80d603c00fc06f03000fc06f01000fc06300e007e037810007e0318e20080fb00907e973900600400d2ae32cf0100770320ed5c383650dd0580b42b7101c08d0048b78aa62e00f80e00d26da40bf357850900a4556c8472a31516bfc6da0b203eaba523f3576daa780548b9175a2b772a0140aa956639347f9533f4080052aaac9172abd3e7022095fa2be71a0880146ae31e003b6f09580a2096eb2000b51300c9f6a18bf3575301906c1f3909a0270092ffb35cec270048ba3a2e02180400afbf05a8310048ba4e2e02781a0049d7cd4500cb019074fd5c04b019004937d4450007009074631c9c7f6e02004937c541004db917907c0b1d04700900926fad83007a0020f93e7610c02f01907c5559ee01180d80146ac042a0df002e750fc03200f8bd12b4190029f4a27b00f6032085f63b37ffea0900a4526bd700340900904ac52c04fa0d60a66b00ba0320a5b6b310e83780a0c831000f0020b57a3a06e02900a4d6a38e01781900a9b5c131009b00905ab16fb905601f0052ecfb4ecd3f270180141be51480c6010052ec75a7005c0c8094ffb67c9700740340ca757609c04000a4dc3897008c0280df2b014f0220e512f51c02f01200fcbe1db01100a937d59df9671f0440ea39b45b5cc7000069d4c21900a50048a701aeccfffa0000e934cf91f9177c0c80b42a73e437a2630200a4d7054eccbf652500d2ec373c0de63780152eccff8a0000e95655df0100cb00907eb7c99f7ffb0000e9f78e7c00cf01204c174a9f7f8b1800c2f484740093020084a9bc86ecf9d73e0e8070f5960da07f00807095ca06b00200214b34933cff86310084ed3ec90006050008db4ec9b7045703207c57ca9d7fe30400c2f78c5c0043030084ef684db100d603404737499dff5901007424f687e2f70040cf524013a100de05809efac99cffb90100f42474dfd8d100d0b5162413c07b00d095c8fb01cd0300e8aa8f44008301a0ad27791ad86f00ef099c7fe10900682b5e4b1e80ae0100f42570cbb86900d0d8087900f60040632f899bfff901003456260ec0700068ed6c6900fe0200af97821ac601a035693f11eb1b00406b6f0b03f03c00f416ab2b6afe05c700a0b95b4401e8150040736b4401f80300b47796a41b41c701a0bd918200dc1000407b92f60e7f010011d441ccfc6b1f0740044d1103e0d600001174304f0a80f7011049d709997fa7000091b4580880e700104d0919bbc7d73f0180887a550480db030044d53502e69fbb1b0091b539db7e000303004497fd0f06353e088008fbd8f6ad83b35606008832db4f111a120020d2caed7e32a8dd090044dc789be79ff74e0080a8ffe4d61603181f0020f2de2fb476fe97240060a067ad05b0200080896c7d40f8cc3800ccfcd5961e25362900809976d6b171fe758f01c0544b6d3c44e2ee0000c61a66e15dc04f0060ae987dc7885c1f00c0609f5af731601a008c36c936003b0060f64da09d5df36f1100c06c969d23320000a6b3ebe7c2f30060baee563d09740000a6bbc726006d0200986e8e4d00ae0580f15eb609c0ad00309e5547494d0080f14a6c02f022008c77874d003601c0787d6d02700800c6eb62d1fc6b0bbd86159201d8f4605851c02b80f19a5a04a01100cc67d3ef441b03c078476cfa0cd81400c6b36ae7d0660030de9b3c0ee237804556fd280800c6b3ea40e9b30060bcb13601381b00c6bbcd2600ad0060bc9ff34090df00ac3a50bc2d008cd7c62600e702c07856ed14731e004c67d779e2ed855e45c1b783375805e01c5e014cf7a255005a02c07413ad02c0cd20e30db10a000f8418cfae13a41a00c074175905e0140098aea155000a0060fc0bac55550780e1b6d9054001c070a59601a80280d99eb20cc0510098ed5ecb009403c06c375906603f00cc66db56b17b0060b444916500de93fa6d5a28807596cd5f4de115c06837db06a017004cf696758748378803c05cfb2d3c3bb00400c6faa8bd7df357f98b0060a4aad201b9cac6b27e750400d1bff8ffea14656dcd960320e266d75256d7ef2400a26c698eb2bca10088b037f295f5cd0740646daf63fffc55cd6d0088aafe4a42bf0040447d922b0240f53d0088a6614a46770020928ed71102e094130088a2854a4a2f01208afa8901500c80088a371003a0611c00fa5bade4b41a00fa1b2a08c01000e8af8520002d00a0bdb795a436014077c34501b80f00ba6b230ac07900d0dc5625ab0f01a0b7d1c2003c0c00bd5d200c400700686da7b0f9abec4f01a0b3f1d200a8a900d0590771007e00008dedcd120720f71000f4f59892d70c00e8eb4281003a01405b5b94c4fe0a005ddd2512c09d00d054bc894800453100e869a592d96200e8a9af5000dd00a0a5a3358502c8f914003a9aa5a4f6100074d4592c80d600d0d0dfb2c502506f00207ce3e4ce5ff50740e83e2b120ca0e67e0084ede74a723d0010b2054a764f022054db1a0a07903d1100619600bea5c437e81000d25d02ecab5ca8fe844a00a4d1de918d9423359f9500408aadea99a31ceabca98701907c87279da35cabb0ff1a0024d7bb036b2a276b3ba10c00df54d5dcef2a77cbfbe9ca0400bea6dd234e538e77c6d8bd00f88a5eed514d79504ed7253100fc579f4f6ca5bce9f4e13b00f085360e28545e95d5795e2500fe55e5b3972b0fab3f640b00fed147c31a285feb30e398e70012cbbb662b9fab75cb068f011c1c7f96a2f39ff8dc4f006ff5cb67faff2cbfcf6aef0054ccbc98c1ff5badc71ff409c08777d463e6fff932d06fbd2700e24b7f98cdbcbfac8b6654b80fa06c5c0b26fd95d51dbadd6d00ebfad660ca5fbf4478cda2b8ab002a665ec48093a8e9987d2e02d879677d669b64b9bd573b0620b1fc5a3ef8a5d479938fb803a0fc91964c34f555e241efbb0160637101d34caf2be65549075039bb03730c51d188dd9201ec1e7e2a330c59b51ea509a10056fea41af3d351ab09e5f2009c78ba1d93d356c1cd1b640138308ad77ecd5d363f2606c0d6ffe54e7f04357fe4b008002b7f94c5b0225a1a18bacb760095cfb4674e119673c33a9b017c36a68819455dc705714b016c1bc8929f91ce7cfca885005675e5addf5875eedc631780aa672f602a46ab7ee3dbf600f8fcc1d39988f9beb72461058043a36a338c0cad114f3e9e710047c6d6651099abdef04f320ae0e8389ef3ca70b937bd933100c7c737640016d479592213002a269ec6b5b7a473a657980670625223aebb45351cb9df2480aa294db8e6965570dbdf4c013839bd19d7dbc2f27eb9cb0480d88c33b8d6b6ae0fdebc3d6a00b1dfb3ab87cd55fbc5d62801c467b7e21a5b5e76af772203b0e45caeaf80b2babf150980359db8b652eab2463b802dddb9ac92ba6a9556007b8af99187b43abda20d40f99d3ce72db18b9768015051c21d5fa99dff42222c80f80c567d25d776763c1480c56db986c23b7be6c9b401bcd191ebe7402da656a605806f7eced4f8f18a9401ecb9996f7e0e75daf88a9400f0cdcfb99acd491e40623a0f7b3ad8a56b9204b09ebddc1ded869d4900281bc0a68ece963736f60d00e29359f773ba8bb77c2d8037f995a7ebd528897f25807dfdf88db7075dbeedcb01c41ee3679e7e5438f7cb006c667b1f7fba3df65f0026e671593ceaaa035f04b0af0bd7c4af9a6df87700cbd8d9d3bbf217fc3f80d8503efc7b58ceac7f0138cccbbf9f654dfe27805decebed6d25ff00b096b77f8ffb8d9acf7d7fcfdf07b804444444444444444444444444cef67755f53415a90e2b9e0000000049454e44ae426082, 'profil2.jpg'),
(2, 'Dion', 'Islami', 'Edmond', 'Gjilan', 1243105354, 2, 17, 0xffd8ffe000104a46494600010101004800480000ffdb00430006040506050406060506070706080a100a0a09090a140e0f0c1017141818171416161a1d251f1a1b231c1616202c20232627292a29191f2d302d283025282928ffdb0043010707070a080a130a0a13281a161a2828282828282828282828282828282828282828282828282828282828282828282828282828282828282828282828282828ffc200110801ff020003012200021101031101ffc4001c0001000202030100000000000000000000000607040501020308ffc40014010100000000000000000000000000000000ffda000c03010002100310000001aa40000000000001cec3b4b0d14766b0a000000000000000000364f79395fb3f04e00000000000000000000000e7896163eb6c81f3869677053800000000000000000199358f7d0243292faa28621e000000000000000000000727b7d0f0cb3c030be77fa56347cf4cac5000000000000000193e375120de834db91f2ee3dc1501c000000000000000000012bd0fd106cbb800042e92fa8618510ccc438000000000000f4ed6c9c597c760003ad0b7e6b0f9a78cfc00000000000000000002c2ba3e68fa54ec0000023149fd27a93e6b4ba247000000001c9c66ec2e83533ae4000003829dae36da900000000000000000039fa1be78b6cb3c00000018b575b7d0f98b1af0ac88dbb7070001cb726aa7123b0cc4d90000000343bead0a878e7800000000000000000013286e69f4ebaf600000000e2212f8790c89c9fc482f12cc1345b1daed0ef2f87cc09d77e9dc0000000145de7f339ae000000000000000000039e393e859252b750000000f3e2b0336b1f0f43dfa798e9e7ee3172bc70cdde26bc5a3687cc1601743132c000000d57cd57053e0000000000000000000007bfd27f3759e5a4000075ed0d3475a6dbd0d33a7b1d128dc95f2d0ca2a0c3bebdcf9f5238e9c64e36f095dbb45cc8b200000ebda18543a6edd4000000000000000000000c9dfc62625e9e9049d800e0d45293c961566beefcd2a8b372f90f2c6339aad7126403726e681fa2f547cd563432e035506bc6b627b20a26f13d4007146daf4b1a2c7e7800000000000000000000013e80cd0e2f6a62c5246047243499e767c1a646cba4739363a0844649f710016179c0b8277bbabac52c5dd55f3e30e2765c6093453126851160eb6185fcf1f6062154ebbafa106e00000000000000000000001208fec0be6bbb32b82e06bf6068a9a94f526528e9e80155d53f44d2460db529dc90d8d5ae3e6fc5fa622844b335b865bb9d5758047b6520afc94d3d76430cd99d1d781cd69645324f2a4bd7e7a35a000000000000000000000077e9c9f406c22562957d9b515825436e569759d80e39d01839dad8193ce95f772cedd5479e5ae81c88dce3647621babb1842bde5d8c4026f1ac32057840b6c76eb11b84d07cf573d2c70000000000000000000000002c4b9be7afa0c8c5637b51e5872ee9dc03a5653ba54db5a116cc269d23d22351a09d0acb16d7154efe6de4693699bc1c81859a2190298464df5918d925435a4ae26000000000000000000000000677d23f30fd1048717280006ae9ab92bf2d0f48dc94d3c667c2b9dbcbf4c6cfdabef7274f1f600000ada7f5fd8c7a78fb690a035fdba8000000000000000000000001cdcb4cd845d0000082e0e5eb8d5cd613e25cddeb8949be75ec3c3dc45b67b6e073c7200041649afe84a6053da78ad80000000000000000000000000dde93b9f53b59b30002191cb0aa836fafd8698c292d7194589b888488df6dbcb680000006be213eaccb33e73bc7e733a80000000000000000000000001cf02ec9f52f740001c52776c608943f611a1d3d048a7f48ca8bedabda0000001c54d6d56478555228e0000000000000000000000000001b7fa4be57fa4cdb00002bca96c2809c831b79a6d81309fc285a5da25283d40000894b714f99f1fbf400000000000000000000000000039ba2969e97680071cea0a3703c3dc03cf9e314b49d7b1b3b06abb34f7000001f39e86c1af80000000000000000000000000006c35fc9f52fa44e5800adec8a208df7e3900f3c2ccc22c9cdd1ef04ea0b2e24c000002b7a7be80f9fce00000000000000000000000000001645c5f397d0266031fe6bba2963d40078627bf812d94c1674259139792500000187f31fd4ff00339ae0000000000000000000000000000645eb41d9c5b6ebc94dc2fdfc4007430fa064d9955cfcdb4ba23212660000038f9f3e84a74adc00000000000000000000000000009843f745ed8fa7d39597bf5ec00c7c8c13cc0daeab92d4f78cc80b3fd6292b0000040e635215d80000000000000000000000000001ede22d6876de1a64000f3c1c8c70003dac4ad76258f3eaef28b39aada803af30e306b79457074000000000000000000000000000001b0eb879e72071cf898bd79e000073c0dece2ab9213290478581e95d8dde91a2343a57000000000000000000000000000000073b0d7e69e806165e01c00000073c095caeaa96129383c2bad8e9400000000000000000000000000000001938dea6683c313d7c800000001cf0257ef0ee4e38000000000000000000000000000000001cf0362f3187c73c000000000000000000000000000000000000000000000191cf8fa1e00000000000000000000000000000000000000000000000e79ea0000000000000000000000000000000000000000000000000000000000000000000000000003fffc4002e1000010400040601050100020300000000030102040500061213101114203050401521223132232425336070ffda0008010100010502f871629242cc82d8f1be4c202482ca8848ebe8a0c57cb3bde918b74bff001be4d4af29a57a125cb02c737a1cad5fd2c1cc358bb12e4efc6f93149b47a38a5924beaa692afd065eaeeba6a61719a2b3a493f269abdd61300118078cc95dd0cdf9c21b8a4a782daf87c25c764a8f630c90657c7009e72d3c0657c4e16b09b3e1986e097e6e52acd2decbcad6d846901780bf15a8ae765ba9e907d99b2b3707f3282b56c253511adedbea96cc1984f093e1b5aae5cbb4db7dca88a9986b1604af95123be548ad8638313beeea192d9240f8e4f8236388ea1a541a277d8441cd8b36312249f939348c6cff000db558e60e742244279e381e77d2d2b23b7c39d0ac599f26b8eb16722f34f0ce84394cb4a82457f96bebc92df5956388cf0ae2d2475561f2b2fc8ea2a7c470b0ccb8a5e4a70bc2ff000b18e7baaa99c57c48ac8ccf15e48e9aabe5e493f3178dc88e4b3ac6e8975ae6617ecbdd16010d8aaab4e421304cf1e753e98df2f2a1b66dfcb671119893145231260143d91e214f88b0041c57c5ea1ed446a793369b76dbe5c32eccb45e69e4b39c8e6927858bd4c97e0f14e7c7d30f814130977e5330cb01f3ac9cd161ae4737c6b89e5df9bf332fcb49757e27b918db8b746b4f20b215a72b11c53bb1f9e175e10c54c366c84c7d408e4490a3252dc60256199e2b536c577cdca1336677848f68d9756d855715fda44fb7145e4b4b6ce6be399a71f87394cd20f9a2238448321b2a277afd92f2d1391108aeee7afe3d811b884a3b3735e22348cef72f24b697d6cff9a06ee3f264cfb77decf6847184e9d22ebece45454130867832fd8970ccac65c372a8b0dcaf0d303cbb5cd53d14028adeacd5c5e1509ff32ca32b5d97acd1edefcd333a6ad5f9c076836e2d6dbb1c8f676d8cd1c30cf7925486cc8c164b55b0c5665873b11a38a30fba5471ca05bd712ba4e328c46c859017048663abe5d3cc4951fbb3048fa85c1d799be74e66fd7e5299bf5fd8b8a792a62a4b32e18a47611138b88c6e1658130e9f1d304b56e0d3ce4c564cd5c2c610a7c69f0cb0a4e5106d554e8c9205281ba3a496f852c6e4233b2e65f455d5acd23f9f56bb90a9cdf4dbaecba9491e2d158961941730ccdfa8c6c3aca3a60b6b89362fc3ac2373fa8c6c75f1b0eb18c988b39b20f8ae97bedc5bd70ec63514f2433e2da362d82b8cb53b7c1d99c256f4b98de9ab3e7e5f2695cd10b64b432facade0bfacc7316448831f40c94708a35cbcad5fa11f172c910e6f68dcac7c53b64058f731f0a4a481e2eeadb611e82c9e6c3911cd9d1b6c95a5740b213d083e128ed8f1e900fb3b6cc8ff00cbe7d3bb94997192c2b32ac9745b2e16e7d8875ed593329e3fdb8e768fc22462ca3c1cb31863265cae7a4bca8b89b5b2e1e22487472088d2b02570491243640f17d5ae3629ac5b6116c63ef82e03f8e5a97d445e19ce66905143fa7d5dd3f548f9f05da25d5bb542cd515d127419092a263374afca9e22e863518de37d1baaababae3581ab6bc15e0e3cb13a8614ac3a967d7b92735ae8b274be1cb6486e2d6312be5c4903951ee22223f2e1d62d861cba5b0d16e73158bb4c2b076a99f3d1792d093506da224d8193a52a61eed2c3af5b6f500d02ecb039251d9d2d5c77da939a5a9703b51ae0471953898023b4f9760915692681cd996b1d19790dea0232a664b12488f62d58d3a1137a266999d356e5585d357ddbf4c572ea77a0ca85d43c5cb16aafad6435955972329cad4e49c6d25b82dd43ab8d22cc68f4b1c259870c9d1dd86111700b030f00b109308bcd3b0c1199b332ec43361c99350fcd30ff00cb299f76b2c156e3313511adcd45d31fd0e532f236331c2eb2b4963b99772e44e9e17172a35b0e5abd4003dd49835b16133926146c5c1aae09b06cb30dd8750cd16162d98b0c9658eb1ed88e4658eac088f2764c8ec951eb9df51a7aa9ab581c9d0f48319bcbfebe8684bb735384bab56e626351ade36aed35b24ba2beb6720a23aeca1c46bb807c35cd7276a0d88eeeaf774d99730d739d791c4d007198cbb93fd0c37edc98aed71b0e00dc7ecb46eaaea98bf549436358cc4aad872b0fcbfb4bd4dbc1c43bd8c7c0c8d22786e17a6ccaf0b1e6c15da4539fb92fd150977ab3bad0c80aea545874f5d375f6ccad8b330faa9911c0ba513c64611bdf9cd34b46ed4cc5c9766b57efe8f261b542eece04d15325bb7811bfda158f2c3551c9d85130ccfa574ef14823709dd9c19aaa6a5fb9598ce26d159e8f26174d87766d6ea099dacd281bcd8b2752c79258eb1ec844c22a2a78f32335d2e597eba5c67536a97e8e98fd3da7766c673a96af36e2605841c3b1e68981148251da19b86db330091bde1b01ef41c984d5598ba91d559fa34c569fa881db661ea2beacbb91316a4d111a9f8c473da6688f88109d21010421f1e555d89d7327a6aef4b938fb95bdd347f4cbac5c3f548c3d3ed5b375a5417448f1cb55839af36ca470bd2e4d3e8b0eebdad4b189064398e23f764f077e2eafb054c41949245e2cdecd06ba7f337a5aa3f4d63df9ba347e887fcf02e29f4bf115a48848b6232222f34f06680ef53988a47fa6a93f535ddd9d246a3a7eb813f9a877299c2a5ad7b1ad54f0491ef01c8ad77a6c987d75fdd6c7eaadb8bff982ed32f856976e5f86f03b16be9b271f6ecfb6da474b5c3ec7ff002d5d2e45e69c00fdc0f83398b4d8fa682758d318e47b7b33a48d115bfcf17ff1886ed717854bf544f067517387e9f2dc9ea2b7b3339fa8b8ec27f38a877387c2917fcfc19985bb4de9f29c9d04e3208810ea5297b0bfac523b8d1ff3e0983de88bfbf4d504d32e2177a3f0cd92366a469f8f617f78a87e999c293ff1786c19b53fd305fb65a537df867291b93bb5df75c477ed9f8522ff009f8731b345cfa7a791c868bcd17f534dd558f63979378d61b7a36299fc8fe1ce91d5b2fd3d23ff00cea8bb916fa474d543fd76157b2ba46c1f017a8ca3723d9e0cd4e61217a7a97e897545db939d647e2dfd763d79bbb2aa4ee3315123c124cd006e0ebd3fa71bb4118ec5d4aeb6cfb1ebc9bda37a8df14ed9016aab5d0652481f6aaa225849ea0b706d66f5114fff005a3fbaf6157efdd0e42c728de846088e1121cc6484ecb29bb989464001caae77a869f4c4627e3d8bfbefae97b0ec22f258f66f66073a3bf049601a4c9ee370b391bc6f529fbec2afdbc35b374775a49da17af22f3778ab66f61cad088c47149ead9fcf055e49e4ae9dc6ca4ef97d60b897f5e5ae9d8b695a5beb47fd7027f5e6e7cfff006f1ff24fe7df0bf65f7edfb389fd7bf55e6bff00d93fffc400141101000000000000000000000000000000a0ffda0008010301013f01001fffc400141101000000000000000000000000000000a0ffda0008010201013f01001fffc40047100001020206050905060403090000000001020300110412212231511020304171132332404250526181336291a1b1051472c1d1f0244382921534633553708093a2b2e1f1ffda0008010100063f02ea7730ccc57ae4aa7d68a2b55b2717ad4e63b8f936c6eac7c8451db489346c840f7bad27ce7028f29a0a6f4146edc7b8b957073af5bc06e852d9160bd66e8641e98c7ad217942de95e59c7211cca66eb37879e7dc22b8e61bb57fa69e5da4f30e65d93d692dff2c5ab3908086921291b8682a6c730eda9f2f2ebe943626b5190109685abc56733a56cba268509429973760731d612db626b5190109685ab36ad599d2b6558e293918536e092d264475efbebc2d3ecc7967ab2fe6a7a260a1c1250eac0244c98e5de1cf2be5abf7c645f48e706633ebb7bd822d59fca0002406b171039c1050b123d524913260522902f6e1ad23844db1fc3b96a7cbcbada19684d6a8432deec4e676054d8bfe5151c1d48250264c079f16ec16cbb81df9185b2e89293f3f3eb4e36a02bad174ec8990af04285dcfa8556c405ba2f79ec996d20574a66a3d6997876556f0898d91ac2f6704a13665b6161abf5817456fa6cdf7a76295670eb74756f02a1f4d9d5589882a4d9ef7eb155c4c8ecaaa44cc0e50051f9089245ede767485efab547af5ca43191ae3684113104a5359bde9ca2b3379396fd802ab88ccc5d155bdeade6025b121b46181da5563d71037380a36dcb37d1de22f0bde211317d198d4ba9927331337d79989abd98890b06d4a7736909eb8cbbe058313da969b377b4a892495ab24c7374532f78c4cb2ca5598318a3e313e4da59f3317a8b31ee9893814d9f7844a759a56f100a4cc1dabeef8964f5d6953be8b8ae236654a32020a47472dea8bdd0f0ee893551b1e422d7951ed15f18e998b1c5fc63daaa24ea5b707988acc4dbf29cc4553ea8fd202906636749737841975e530a371ec38ec8a9464044bfb51fac15b8664eb4f526202546ff00fe51591b26e8a936aef2b875e4ad064a4998869f4e0b13d84cc59d1ec8ce12e3ddbb76955be94497d3188f1405a6d076049c21d7bb24dde1d7aa6f22c87688b385f47e7b0522760e97e905e7bd98dd0c1e3a2a30da9c564911790db5f8d51ce52d23f0a62f529c3c045e71f57f50fd23d9157151829e4023de4d8624abcd1e8ac691e40c7de19b1431945459c71f23b0521279c7ae8e1bfafa1591843e9e8ceb7a6f80a499a4da35a6a5a42cf4445a1c0d4f1aa7e30102b003dd86d14569c5aa7e180ba7aaaffa69fccc5461b4a1390d7534f26b215050ab507a0acf45294b1600120c142fff00b01c6fd92bf7284db3207c46bf2483711707e70b9613ebedba31489c722a37d9b3d376b52e95f755d22b3b24ac4a60656c48501ff5291f9c5f61291e6a9c61a6f2923898f6c8f8c7b49f011cda09e31d2aa3dd80cba6f6e39e8532e8e07230a65e168c0e63380bdeea8aa25db1818536bc7e91c92f7180a4e0755d7bb58278c3d4956e1677024638880951e6d46a1e070d536ca63e50eac34a551546f04ee89b6e7ca3a67e118a8fa4734dff007473afd519611ed27e91d3f947b4f947489e022a04c84ac9e8aabf683e7a2a2ac707417947f8653c555a6c6d5a39647f5407d188c62a1c755ba2376845a7f1182dfa7702864a0603a9e8c36b26fa6e2f8ea7269dff00b10db29178fd6135db92c76d3618e669cf01ef09c7fb415ff4c429853eb5094c1c27ac149c4405a7d440524c9423de188d1658fa7a0a85512997696d596f6a0838185b4ab527e9153ce12b4e074b8f2fa2813853ce613aea8aa302b3dc053e21157794d90e511db03964bde1a556f4a16faf0105e5704ea51e903f01d09698456598fe2a6eb9e46422c6949fc2b313a23fe8e473eca827c42d115861bc405a0cc180b41b62b271de34269743bb4c6ad12ed456c1d4d8b4e46263a69b4425e4e29b0c5538e3a5ba2a715de57089a873aa15d509190ee068f9c27ca621aa73365636f928434f2705a67a39207ca1b6b7aad5404a701a8fa07480ac3888a8d0ba3a4b3808e4d916f694713aa4d4e497e26ec82aa355a43796062a5210b657928405b0b07818b2c5ef1a3fc4e842cfe736378ce10f32668508559cdb905a5e7a0938082eaad6506b7a0c21cf843a7ce5dc13ca17e861d67791778c3d4273a49bc99fcc415642716f4526d8e54f497f4d5fb850cc8ff39d1d8197184b2d894b70c4c5c6d238c5a8418e71053f38e6d60ea5579b43832509c4db0b655ee2a2b5129d39601c112a4d003c3c6cabf28e4e915d851ecbc9945669695fd994838a4cc36a829f54986decf186d79882849bef5cf4df1caa8738f5ef4dd038c139f70a466997c34354b6c736b35bf510e3a93305364151ed9f940030d44314713a53d62065e71c8b26b3c6d5ace79983d2715988ff002ee45e4ad3e91ed07ac4d0af818928d71e7178d43e7166ad579b4ad39284e15c856a3a8f870f843745fb4057a313550f8ddc60b8918def58abbd06508a3a7d8b66afa6f80060225eefd7b8827257d742eafb46efa61346279c4b957fa6124e246a127010f5395ed9eb11fe9a21486d5568a937d79c499684fc46d26308b5093e91ce515ae204a399538d1f2338fe1e98950c9c11ce5152e0cdb545e4bec1f792651825d1988ff2ee7a45ad140f78ea2d9704d2a1282d3b6bcdf36ae223ed26cf4c0b83cf087296b17dcba9e1a2a79f7171d29a3a45c7155d3c2025380d4a5286e6d50c36932ae318433f66d05f7d08fe674428c7f15f67525b4e62d8bb4809392ec89a5408f2d6ac1090ace5af4ea3f65e1ca0fdfac3496c7f9997c77c21a4745024341f2ee26d5e70dabddd08788e71008078ead2539b6afa430d19f24d26f980940aa916003473d47428e7818adf67d2dd64f84da23f8867976c76dbb62aaaeaa2685050f2d9501fdcbba7e9f9c36ea85f44ea9e3a16ac8438af3ee3695af48715804180e26c7690a9cfc84726f1bdb8e7abcf3492af10b0c57a0523941e0731f8c06bed2694c2f3222b36a0a4e6361427bc0b3fbf94255989e87d7e5dc8eb7e056bd5f1ac0869918348088534e58b16a7cc404523fba260cc6a943a84ad3928457fb39e5307c06f20fa455a535c99f126d49fd35eb78560c51559b634251fef17dc8e37e347d35e860e1cb810b5666048d5713d154724f5d793f38b86cca24e5c57ca260ed2923200fce28fe531f3d0c33e04d6f8f72519cdd5e475cac62dac2a01cf456558a4da1437404d23fbf4736b298be12a8bcda845d6dc0332362fb7e24110b4781cd1487375690e1dcac3be240d67dadea4184e69b3411bd56680da5e2d83f08bd48ffb447b4ba312718b1359599d9d3e886c91981fbf48797be521dcca6ce2d2fe5aee265261db53a10dee034869d37f71ce0a0e0bfaed394183827fbf842108361ee65b470711f31af21ed916a0c1a352a6975165e871cccea243c782e27dadfb3a152725553fbf8c21190ee6a3bbb82c4f86c3ef0a4c9f984a5437ea0875b5804113940551dcbbe130039715f2d93b9a24b8ac7b9e8eeef29b75d8a383d1158eaf1046955e5a569c951d2278ec1c6ce0a491041c4773b8cef6d5f23aefb9d9ad21c06a1868fbda5192aeeca928dd5a63d7b9d4d1c1d4fcc6b3eeef09b38c4f50c039403a50acc6c5b7372d1f4ee765e1d854e029381b7559607f31558fa6a9d0d1f2d20784cb62c3be15d5f88ffd774227d24d9aab48375bb9af2c8e97079ec5ff0076f774141364e5a8b7158204e16e2ba4a333aeea7d74bbc762f367b6823ba25e21085ef38e9520749d3576007884b4b9f8b6548464e1faf73a179185379de1a5a6060da67ea76085e474b83cf6549f333ee861df0d8627a1f7bc4a98e1b113e926c3a148f10d9354802ead354f11dd0e232b60038a2c8a42f791547aeb4b52de82ac3a12b18830149c0ec54d6f17e7977401e2b22aee5d9147a38fc6767c928de4e1c34722afe9d815aa1c52ba4bb3ba12ac8ce12a4f110b5ee1746cc292644405a7d44029c447be311ad6c59ecd38406c608c78f74f29e04c13b49f64e220292660c05a0c8c4b05e5abc9346eef39c2967d209389ee95b39aa7b6aabf667e5a2631893c2b8cf7c74e5c6265c4fa4556eeb7f5d1553d04f7c869d37371cb5aa24df57cbbec34f1fc2750ad58082b5627bf034f1fc2ad324fb34e1de12db069e3c151c8a0da7a5ff1c07fcb2fffc4002c1000010301050803010101010000000000010011213141516171811020305091a1b1c140d1f0e1f16070ffda0008010100013f21f870b30d6922e266010c3e51d952059ee549494a5c8c7882c45b8aa1ac7a79c326af9ea7e564907647281923e3f628e49aaf8722a1100371362f68f242660a8d5be123eff29cd0e0dd963a094fc784355892d1b1ef4479054c318d76a40c210389540c59645ceb5f942e38f4f332807d9801155010b42ab7e78dd4405694cbff008a76db3ca2618a19b53d9d91f9109f8082c8daa0dd20fc30a3fd7a17fcec1ce4b374620349e84e0c1f18e9200010d884318776ee881f937cd0b6905178fe90c300c00b06f32c2684d033bfc413320001041c9210374c82e418829d51c76f5bf2eff22c30c4e0b1535bdb1e03054261398fa458c0d86c3f08a428804f822a036ff1000206fd1298b5644275f967b02c0c0fcaae201a86a8fd7214e0855da3ff0051e149833cfc01f20de6c09e6652c1273fa40308e01503132264c0eddfe51c466cf93b2106810e3843e141833b146a06b6cc5e2f44716190cc1027227b98d059f63c2809449813a503b7cb734bcf2f870c8aee1b42b5928220a398595c7840059e8005680923cb7a9e22aa2bc3604b1ea61ed1f96e8d459060f81c409224106d455acc95ca9c9dbed1f680b041045877cef7407244e6ed2d24b88e024c2c00fefcc75cf765478429c4213e8588e5628253b1014f81ea034dc3efa441308f00819057eece26e412100800715b7346e353e7e610416ec2508014323884b0940d5d01c16118974291582c2d1520764dfbb19e6e8ac42b257f260053b8ec6f42492011c4260e54ecedf93c7cc0a4501a67b0c7863a5544a3d24591fc009de75505934d837ea578fe5bc22fa9f52100e0baa230323541d463e565b4ae2496a82836f7907147cbbc3634b6ae68f9d00c0d034ecfc26432725350b7fd90c1af9bceb151b84111889042b8c09a0fda1d3660d470ab6ce9a83af8f9cd1c636215344b2e368ebc0305230124a10aa02d7ebca9d82f07df68b18dd16b0389b960b8a4cfb44759383c001c3007251a56005c34f9d8a96a64e4c201ecf078006b24216a0a1922c1c1432e0f0a10567a10200081399d9d6b060a7d85e05211e07062008e22be144f688455db6341c0dc76bb8c954b871f2420c01307732286fc5a13dc748d5031f9d8749442d36216940794d4e2082d1bc7b1948649c90db66d47bd0cc87601c998b542080322fe7f1720d11d8b6f8e300c47b4e8732e5f7b320310267d213791b014c012985a971543dcdea224a8f1f77eb9008b60197cf660e2e9b556e1759ffa1a6e900250e8ea2661b334835f17a25aa86533a692ec104200641536769d02a968895edc0a1c4fde6c15070505af05d9b2b9291d6f8232113585d13881b40081e13497bea401e6a312548c611e46a8a338dc1dd6e2cb78a07de8a6cce08df6947e7bcb4128c11db2c3368f086e0d4b8624dd6938f175c7784e6070ac2ff628246450a6c312fa4608ae85029115ee285e7ad607a9018c29514d647a4940905c411453b43382fd97c3ac49fd29828e28707f050309b2d6003ca1a9db0dec505fef8171b47bdd29650a34074f2994b86624cf207d3f6fd26eb2a1c3f854f40b41f70769338d13c377d30b1ed15f280e24848ca92bc6f85810400b14a212e616708c3544b9725cee97763b82aa014b829e4c1c14fe11b2a960efe93829972022407b434dc0c426b0ccb6249fd30606fb8eaa9b0b8db59d66a53408b9d882694801808e418e8f642a74a4b164642d059fc1f68dc30c1f0b500a95c6762601c9fe850a6d900bcfdc7bd87c564160bcdc8109db9d0e56a2071bfd8740b80709bb8fa444b03fd9084e528be1b36498041dc5ca8f034caaabc1120c1666813f77324f01ee1827a06405d62952021e7bf9dae4a7d353bf84089760c0598b9d79069afac26c9b7dc5441e485240ebe953fc10b8da3639ddba9f48a1834d5c84630180dc634fdce287ac00feb1084b629c770810c438362695fcfb0289f35c913d8fa4cf4aa5a76586238560c55d8f81a25b7e668045e87d212509d0fe945a1ae763fb0d80226039286ad05659753ed3d6f1dc5933140c691c80c30a93a630a38751fc466db0ae1a23aec108ac59f8c508d50c48f6a71e47ba780dc6e0c044f06c4763123008022625e51909c449429e90e17592058b4b1833b48758759686c6cb5a1d0a7533ff00432828255928de23093fc2b17da497afd621b98923308440ceea107b26c8ba63f8ccf2748d530b2958597bd5370daf3900e8e5ea4fc802700fda2328dd83e81d3f57a656312bdd5559826e0928030c0180dc7a14bb05a7805acc1c4eb8c98e2599fb15ee804e9b3b4a08fa11b019b8ab471d7d503625dd3d509e2045e375dc35843ba781507b9e69710216e041187585815eca486ae88492e245185cfd74410d80c00b028a1a1f73722770d8e81fcd8c707d48812350a4602e9123e930ba6fbefb870d80e4ab52e7a80b3328c431a7ee5088d648baa580e8bbcc027c704de5d9485e6f7953354ff62cf441f82b19f9b7d1407547b2bc2703a3cf79c0fd37006094bca297b92ee8750888308098fecfa2a932e1ab6a753e1589c60d81d03fbe44c581fa1744e1c2345ee51c93d18a030c06037095c15d915fc0c1b810c833160b40ca338c060533825b027de163b589f71910e25592418c3b29bb67a007167f6e8a245135947d90dd617286c6e8bc7a9e4570d13ac2c7207d8e33b83063f8dd63ac48c641ddf07a6a80d41b0004c801c281dc129caa102acfe7836551976cc8fe5562740b8567401d628768842e20fe363d16a7b2d3a74e440b1857a4cc77e6c612f2602715357822fd9a3ebffb3741618133a84f841b46c82d6aa93181903ad0a1320509c0626a07828c6505b0ee58d089c49a99e46e6d5d191df3887fdd3e900fca734a20980e514c088a0fba09089208dd340357013886aaff0020d11ab92f75d5d489c38defdce2e3da776aefa6c626a01a09e48efd1f1997fa8537ad8923a2c79ca1dba00b0a31474c41a630b5cf390bb817b21a0083420eeb201846f5ef74502b267a25b1913052ccbf9c9240600c8307cef92995e12ded004501c6c3f86da482226340c839a270e241a109d191142216fa146f6820a18bdc04079e0fe1982732d0684028d253285decb40e484d36d8af2cc39b4ef3774419d89886ff00eb633557fb5425518170ee4254392894990df409acea0f088712bd1f789051882c6798c8b933c95ed480334f97de329d9717ac9fa2e363316a399d8e46a2420440adf92acc030e18d15981e7044847da354ebf48d792bdeae199f4fbf1cc385df68c8a020519468b1a06da147308a140c75f142ae0d111e786cc50c6e84233061febc9a666d5083d90911bf4809818e037a06cfb4649010431c089c998ed91f4b543ea40701045e382fb01ca0d0cf674475cb0edc9e4470f5083bc55b180f1303c1ea81800da2fa93503fb0fada047c5d0232550c887ae006ac4ea104362311c9dd8b58ea797de344cdff041e3726ac8c0eb1b64978d50e0b0c19dca97be4eec2581d4f0fbd2fb1633a077286096e7649b5b40a6b2d0fb0162e2a25600e782ccfdb2ff00393d9229656f64731c2c3baeaa4991fd1ec85837a65ac1db89c704d309ee8e50689385dbb2801013a9efbfb75ec7bdb9484f6e0e2f103a146bc9ebe873234ee853697f634f409f4b906c49dd386c8cb80edec9c10d044f5081881a88e4ed6fac35aab803ab6bf0863954f84c669dd27ca363816bedb7b778e09518335197271825914f16603edda429a87e2e64291ba4e9d9875939205c467b34b4f6e094debb1d472708828cb3460a1082843844011341255bc82f603b6ebc6e328bf30d8ff5e0cc70aab047e2c3db943a4992627e133f2b13705b5bc10b3b7601ab718c9fe1755a2b5552298e371c18c247a4a728b9612b3aa5d56268d549f18f681872dd70ddb355236ec464f8fd381643505e6e441972f7728389a892b2b88aeb702cabddf75c3a6f3df9382ab014ba28a1311c109c6587fa5bc6049800e568f06fc53c1e520c09548350a4b5dd7182cdf1f1982f8262327053689560dd4fd6e13129e181a5d992ac83305e51c372393ca7012d1f993438cee12c2513bb813b4f38af40b87120d191844202410840c208fe90d0c277453f5b0273d90f2f1ab7ec4e16231369e540e01081b8c36fe13dc41f665bd636fa39582c50911b9a0470826e8942f8dcca5cbca3bb274e586e3d36bc9e2bd9113c1d8604a96ec711bf969d46bb49838c67223782ac254ae1772e261e9b49cfa71c91392e71e5c0b140b8844b07464f3e27ca89b3f3f3904701cfcd84745c3fe0260ffecbffda000c03010002000300000010f3cf3cf3cf3cf04d3cf3cf3cf3cf3cf3cf04c3cf3cf3cf3cf3cf3cf3cf3cf2043cf3cf3cf3cf3cf3cf10e3cf3cf3cf3cf3cf3cf3cf3c03ce3cf3cf3cf3cf3cf3cb14e14f3cf3cf3cf3cf3cf3cf2cf3cb00e3cf3cf3cf3cf2473cf2c73cf3cf3cf3cf3cf3cf04f3cf3c234f3cf3cf38a04f3cf28d3cf3cf3cf3cf3cf3cf18f3cf3cf3c238f3c920b3cf3cf38d3cf3cf3cf3cf3cf3cf3853cf3cf3c920f08e34f3cf3cf20f3cf3cf3cf3cf3cf3cf38c3cf3cf30a00434718f3cf3cf14f3cf3cf3cf3cf3cf3cf3c334f3cc2c308120c28e34f3ce3cf3cf3cf3cf3cf3cf3cf3c528000a20600100828b0c000c1cf3cf3cf3cf3cf3cf3cf3cb1401c53823c53873021820041cf3cf3cf3cf3cf3cf3cf3ca2c20840063880c730728b0cd3cf3cf3cf3cf3cf3cf3cf3cb1491801493cc08c20918c2c63cf3cf3cf3cf3cf3cf3cf3cf2cd0000410c93012400002033cf3cf3cf3cf3cf3cf3cf3cf2802000442480c000000c0cf3cf3cf3cf3cf3cf3cf3cf3cf1c10c330a2c008b0c30c314f3cf3cf3cf3cf3cf3cf3cf3cf28630c3011cf10c30c30700f3cf3cf3cf3cf3cf3cf3cf3cf2c80003c320608000000d3cf3cf3cf3cf3cf3cf3cf3cf3cf3c03cf28800630d3cf3cb3cf3cf3cf3cf3cf3cf3cf3cf3cf3c33cf38000f08b3cf3cf34f3cf3cf3cf3cf3cf3cf3cf3cf3ce1cf2820090803cf3cf0cf3cf3cf3cf3cf3cf3cf3cf3cf3cf08f0400070043cf3cf3cf3cf3cf3cf3cf3cf3cf3cf3cf3cf08c18000f3043cf3cf3cf3cf3cf3cf3cf3cf3cf3cf3cf3cf2cc20000f3883cf3cf10f3cf3cf3cf3cf3cf3cf3cf3cf3cf2c300034f3c710f3ce3cf3cf3cf3cf3cf3cf3cf3cf3cf3cf3cb00414f3cb14810124f3cf3cf3cf3cf3cf3cf3cf3cf3cf3cc0053cf3cf3c30413cf3cf3cf3cf3cf3cf3cf3cf3cf3cf3cf0073cf3cf3cb2473cf3cf3cf3cf3cf3cf3cf3cf3cf3cf3cf3cd3cf3cf3cf3cf3cf3cf3cf3cf3cf3cf3cf3cf3cf3cf3cf38f3cf3cf3cf3cf3cf3cf3cf3cf3cf3cf3cf3cf3cf3cf3cf1cf3cf3cf3cf3cf3cf3cf3cf3cf3cf3cf3cf3cf3cf3cf3cf3cf3cf3cf3cf3cf3cf3cf3cf3cf3cffc400141101000000000000000000000000000000a0ffda0008010301013f10001fffc400141101000000000000000000000000000000a0ffda0008010201013f10001fffc4002b10010001020404060301010100000000000111002131415171618191a110203050b1c140d1f0e1f170ffda0008010100013f10fc3491ac2d0f0d57854011942ee36c701cff0029d7200e20e23485e94192845f2e0e8fb1c6008f8a5be4716a688b33cc2eef7aba1725e31fb8fca82cc735b9faa5149d26163164da934b8a089f0e797b084d41346315d6cc8cb7270a836bbac312d924c696a3636566ea00737ccfe51a3b4862d923bd2a52e92c5633a4d833855851045fc4dc6081a82862e5ec13c74a52dfb82fc0680400040160a18ae12135a76b871026ef0904733f28038e09616e1e41cdc9a304680105afab4669620c012d3ca59383c3f3cc62972b30152c408242f8f22c380788716833590d1184da985b200c458e5f90c98a12eafd51220215dcbf2303fdf18766904a7d8c9e0b4f2d064207e3f3429ac534dba637e6e070973a0f2200851979a22d8a4489353f19601015d68f44296f2e9c5d6a3c52a436a80c3766e1b527e6460890b692eb9b427850a021d00100700f2a5450ba912bc433e26795e9c1bf0c41a8e67e224c282956864a5d093970e39e56c4f94112d01223647853061191bca6d9708c51a4fca6da4e91cf401776a346412085e2eee590079d26a1cb94623e4d736f4ea416cd9d4fd65f84c1da315fe150c0d208d869c59ed478200800803ce0ae28c9ee10fea9b060a7c80173f7f957a4c12e39072919a607a210ec588bba8e5c59e74dae12208e8327b397e03dd249cb3aafd62d44169c10be83fea8e280180111e828a962edc02f2e809fca5d1ea64a60f34949a4990cc70f4813e444a4d0cca094a604b89c9c31290f50268248fa436fa71c0a6d49085d359ee74a0f4508a80bae94f2ba21926b3c87e54d4978f9acdbb80f3f4cd325c2cba8e4d5a9378770c183c694678311d4732a3d1657712cb4a826e5b7abcdc287408108f01a1c283d2bd7ea6785fb72ad1f97205839723e4ea7a8658e0a414625e6e3c458c772a5ede2e03c3477a5cf284211f345044ade080e0fb68f4e0c0253417fe144172662baae6f1f4dab679c1c6113ce7ca9fcb142125ed20ee479d29f512748acb2c3b0dc9c272a50dbe2c1df537ab12d93638e2e951e11441525edbb66f2ab0697b84e81de9da70c45871a1c231a35a6050069ea342cedd0b0a7e29cbf3114c8d18b0af28299d9310cc6fea1b2a00956c149a99c600c9c262f4da6283e570ac46983f6c1f353c84ccf4de246b7dc897eaa35d36287403ceac40b8236d8bb411eed1113be9590ba164b06261250c4693913d416b004ae414cd3130661386c1072fcd38e02132c025fe07d31c292b8029e1b2191c57f8d74a08ac42dae3abc6a19e6143de45eb576d9b8ee2977f13eeb899779f757849a0fba1c9d1a7e134ca218dc3d30e9462697149c9c4de865b6ca6e51c1e1401ec344744c9a1f4ae086739d1dc9f9a359420d60ba86f072287d12552832ff006aeb024c989c2f8e94f9ca67f963cc6c1052f1f234b508423458c88851c619525de36b25d1e3e959bad06e3dcdeefcea2e04f2493e291125b29cadc0272f40750d4300153264176d6e17f63534d25e342d3191a79c41651033f2968b3190544d9d68e3da9183c5e07fb3a2470c3facfa01192460062d4de927701d65f9bf9d6d5c1d949dc8e758a7531786c1b3d46867ccb151431297591e2b4e3ac932303c0cf5a202b108c83fd54e86d8cd928929c5d33782c522cac0586d31b3150aff00d615f82bacefb39a8b0f8a874977a1cb8d71d042a4cf5354eb379e6340214880e09d8cf13c64913c82d1f757e655b1232fd940a8c5e0f1028c1e7c902b6e62fe0c14c03a09b7e728ac4f3c26fdaa20c0c213742e3d942a19148848f4f310f04f8a9b9890a09954b997202eb95049a20dee6353cba45d89ae57cda7176582bc2c163696f45bbe20c9d5715e2d47917c269a405cd039262255ec4e2c1c7e0c139e1e0c2e2d977293880eb4236d91b8387fb441285adb51f250c112531b11b8c1e279969674f4724c8f5e7a2a0c8b64b4183b1f9c5620ec05d600fbe552911ae6f295b11c879522c009572a8b297735d1004c869673610a527dc081e4877a8111a414078246cbfc8b5daea1dab2b707d053630c042e44ad4b12b952eb8d35e62cf946a75f9a92ad30b030d6dad332cd25d58063adc17b60dea63d524854e95cf3a70204a8cf35c1a69eec14b1c1e4daaea561d817e1173fda3be01b31f29a5b4c8857ec4bb152485890584f11c09de96b8e7f9e00f0c1332c3a34ba2f828be01c5bd29f241b58b11f93873a8d5a8a5d286e3059348c228249c95ae605cafe5fea972c68e7cc54993b02676fda9248b227a176946b313b9c5272b7fd747eebf45289630907a814a39da5858ed6bf268b3aa14308d045c25d6e138eb4de974444d2e27356673c4a05942c2ba6b0fd0dea4bad5947604cf2f88f2a8cca50212fd96dd28006132707e6c1bb478b566696a64237045448c23d8880573bd2fe78411b5a488d9a3c16d03ad23a91cca32ec789610976753c499c092ae0502702838c50e63f0a9a1220b98876fa2a1978af9b26c6fa8d34baf07cdd8ac027617e6a4d468c7929c50e54eca4655667c4f05ca66992a310b7359c7dd30e8a388ff5a87447097075383e1635f2ad7c663376c4a8573e06a6e2089d484a30ae22e238d15e3c5b93839e5ca9a3c28cc08bed0b3bf0a4c24bac70f14c2389b0486eb073a993466e0ca06d81ca8f40005a0e06d73d82fd585cee3b4d04e39e3318e74c19c9b392eb0723c6de917284377d2dceb0518b8ec391f5538b781d3f83af90c87da0f0e8836723393006afcd3cec0945d010b75bd00b7c260e4876a8194249c7974d11d190d6f0738a956e0c7ee32a280691311d1327854d33f2cc5c2802609197f568d214bdd8aecb3cd4131adc6cd5acb4590eb039b2e66255fa45b3719f37cd206546284a5727e680076cd0ca1f97882d3801c1ed77bea78c9ba5c64f248379ab8330ee29fa3d827860bbb07ed58c651d849d92815400a209390eeac1cd4336fa83272f0d5242084047761c9a987ad496ebc8b50e53c990792f82c263800dc139d5ccf092eb5d5d0762f56008209d72d340b156f16c6042af353cee6c64b76ccba0d3c988b8e33718cd3b5344d5900f498e54188ed00d2432ab8a16eae713538d5b1e18d065a716c96c060e6e886aa900a231354648d935ab636caf89d6cff2937dd15633eca3428e1b0dc00baf4a52ce2570f1d114e3486ec993583e0d1309c61380f90fb05a1c81d12f44ca625c2a0ce13bf18fadb65a9d84bae84859430c71a3ea0c0e8134fc9b9764227a8a2acd76265c0fdb7e47915ca7d319649d81384dbe070311eacfab18bb1814eb42fc4a0a9a03a05eb2d460bb8c23e1ed528d4e00dc6e51e23838d21b496abc358703cc03811401032c08ed7e0559530548d642af4a8d0e4228d916f0bc5e2ae268308b5c58647289bdd02242325923b3f74c1cd9c44400eebb3476300baa5bea9a4c685b915daf8357e9c485c3e85a01b41ce92faac74fbdd67d858e12317384edf3428510782acf5433fe2896026d8dc472a9679fc485e6dba50e6080580c3c8301f65ecb6eb3c5b52a1243138a0736438115af0b80bbb1e54edca6b25ba55e2dc34eccf6a829dd0b1ea524dcb8aa746a0c0704766c2fd668a30e3f496eb1431ec91247ca90110f4405421cc855e52b113909410c09765b4ab86f73542d229b48643b92f269825a246508b76a9d0a864619e6b8a8434c3a00b074a9e82c48c540f69a7d8784087527cf824764884a96ec8db58a47f0a26ec8f621e9a20d0c2d8132b9fc0f24eb5f4c04b50a0b41ddd0136b12ed39c5121c084a6286a646017722a05f04d0d577e4406547f92a970271153daa57609175a2d49633890773dea55c401bf058a47122b918dc968f433075042f7a1886c6c7360ed4f025728b3d0a398f308b613de8f141f74182961a230cf0a9d686c4bc27913ceb323281965c83cca762519b81b9a3db514d582ce133b8a7d85833101dcbe13405784928ca32e34c983305848b0d06c143a463641e46c5082625f4661f8b02133194a729a0cc4d11bb732ce4695612b025bb01deac4b8464e9225c9a34a57021e654953e0d02012388e74b1409090dc26a37a0f2ad3c24368871c69112112184c9b0452190ff00811d7c25548be33b07b14e562362e7cd5ea966b8843dca49a31b9b8d81d9d5d6a3c8d8d00eaab768c30e00e980eba51ada0502b005239694c0c48faa5dd4d254c44684427396b71a58a71b4ef6a3107648c8e7280746b7e58237d3d21baa28cc51d8d0657b32c1d83bd147843a5a6af048b3b59f4fb1202a1191d2867e42d433fbf380d02c9020e6a1584c12dda31ce5a4416fb98dee3f3e33e0f1facb0bdd6975c991b2f636d10029a2c7a1d0b1c468d64cc80fa0b23c3ec5d0e8184e3b20d144da17d456d4eee514eabec454d39348de09f9f3a888b50e202f2b6b0a3346102f734f35b2d897138982709a9e5499943fb8f5a01c327226fe48a387f023724a189690bc3a91dc8a08b1b37fad360868b424a2371d7cd09f583f454d733374dc23dcf09a70de1bc0ae563afb24e5bc09ca2767c0454545454504067570257d4d3e867b2dbb453e2230c749e0d696e440753fa2a50b366ede5972a80930a5cafa73a044d3243d3c23c2290e3451003408a8a8a8a8a8a82300b1fde0d4ef347840f098a82f2b03b77fb233292d3fdc50a9a9a9a9a9a1da5b3a8aac72443046fe0aaad591c171d385479fc93e8bc6809c14a2476a9141652d3b983400c3f226e65bb5624f9c4778a18fbfd597915353535353535353564a620d55c77a5c98dfc6bcd309602eba53a22cc5e306de279fb2615608a311a09a167198881d47cca5e76064f7050a619cf81fa474f09b3033b37ec239d0c0c64969e3ac378210d89d76ac15f300f7a8e643814c0d801838d5a98be38d8c0e941e8931709094e80bb1661d1c9a17315197d4d34aa555573f65493c0a6f087bba7cc28c95a750a7b9b1146f8fc54d3c1039dfa0eb455fa45f0c6861000ab1d1fe4d0b30ba1b42e7527b7a82b948c600275173a10ea9cb1927d83cda532f657835a138913bbb6a7cad3208f4412895e01cc1a75ba0b8866e2183994895c570130760f144924320c253e608c083083d78f5ab1bb4a936706a7d169c28462ca6eb6297da9d8735fa0f665b048e62e7ca69925c383ad454545454524d1612fc81651c802999955f352f2f1dd2435797b0430a3cee50e0e12c0e98d1c526d510782afa0e5ce8b3c92248f845454545454545447cb13000ee5114b5b000faf662a5921e2cc17c83e65157e6054b2fd9280e5623c661d0507fcb6f887b986e2385d262395603dc03d851e72ac469ce43eea75cecc9187d98c681093c33c17679f4d7596f4991706ee7e43b026aedc1276ff4f1b910df4bbc560f46f6215c8fb384980a73b1eca9e520ccb0627e84a7cd16275f29362617719a2c004367c189e1a0e91421e6268a5fbfa0d394810bab07b3ecf78a1bdb1940e6939d40a14598927970878474a2790d23b9c4be45d00a6af4ddde023ebc66265d8c993e7d0682615262e08e93f0a7d9a6b54f2312e1dc4f23563a6e489097a93951e457714f0293976b9ff5e28e4c1e70faf46021369ae44bda7da0b434532315d3dfc81cc57ac108fd56fde6085f9f2d87567c3824f783f0788bb943d9f442592a31453ee98bc348d13d9f0ac0ae102cf87ad0e4640646cf7f1b42ec27eb873a8a78bca803c090501665210f8f137750ecf478b5ac130b6814768f67cd636341bf6a2934172cff0021ebe0d6145e0da59ea0eaa300c011e5df2b6de1702041bafda680152241dfc38c8ea21f5e915a20b0b237e67da0925e3045f0538a264331c29d70251c0299147e16b1f847964bc20dfc4ab87f3c0c5d3e1f034b06f89fa5e9e92aab585865278a1ed0161865a090f73bd5c1ef2c61fa5b954a5ae8625bc71057954e6bb796d2dde4b14847a19723da6a4c41352e549b4206a66732d45b01733127d058a409264256181a2dcd9f68929bd349c4ee77a8e58b6cd8c7f639d6284406f00cfcde8a8ee976fe592e5307906b1ad7c2ff00b8c368f02b3125971d7edd68f335754c33c2f850978f25c552f407da27161918d99a5c15b264d91a7cde4641b3afafcb3d9bb679a38c5fc32a4002dcc679b674a173c2128b28e036874707cc2bd4458029204c8a2d3cd6ff001436be9138afd1f2fb48b5bc65ba3075b505bcb5978b77cb01842fbf9e5de01ba87128271c0ccfdd3407e38899899946241afaef1d454f8812b22f7a0bc542a27a3f9350c6993cfc0fed1a90e96b96ef7f696096d7a00b9d4a712f902672134acf367ce534d9b837e1386a51138294a64a49692508f06a1dbda7837cbb2a48de5ace6dbbd28b32d3ae52a2dac127aee47028ff00795621dd830fec3dab8d085080d083c9059d7a3353cd2611d6fe46de6c333051be6bbb81ce9f6a887466940e627c921a58f4dc26d3c346fc3e455602d99300a9574e4c8641c0f6cdbbe2e159de9679fa6359cdb238e8df0f5f0422a0095700ac50a23d6fd387b6fc3bc78e4cbea8c5632c916b990bf0f5a94b4c8e6fc9f8a7db776f8b66fac9a60f4c552bedd10e8cd103989a9ad22d291d6fefd186a8a90d853efdbac92ba85f7f9cf1876ae501efe5236321ff00b2ff00ffd9, 'profil.jpg');
INSERT INTO `umab_antarsimet` (`id_antarsimi`, `emri`, `mbiemri`, `emri_prindit`, `adresa`, `nr_identifikues`, `numri`, `id_dega`, `image`, `name`) VALUES
(3, 'Qendrim', 'Agushi', 'Alush', 'Prishtine', 1243103040, 3, 18, 0xffd8ffe000104a46494600010101004800480000ffdb00430006040506050406060506070706080a100a0a09090a140e0f0c1017141818171416161a1d251f1a1b231c1616202c20232627292a29191f2d302d283025282928ffdb0043010707070a080a130a0a13281a161a2828282828282828282828282828282828282828282828282828282828282828282828282828282828282828282828282828ffc200110801ff020003012200021101031101ffc4001c0001000202030100000000000000000000000607040501020308ffc40014010100000000000000000000000000000000ffda000c03010002100310000001aa40000000000001cec3b4b0d14766b0a000000000000000000364f79395fb3f04e00000000000000000000000e7896163eb6c81f3869677053800000000000000000199358f7d0243292faa28621e000000000000000000000727b7d0f0cb3c030be77fa56347cf4cac5000000000000000193e375120de834db91f2ee3dc1501c000000000000000000012bd0fd106cbb800042e92fa8618510ccc438000000000000f4ed6c9c597c760003ad0b7e6b0f9a78cfc00000000000000000002c2ba3e68fa54ec0000023149fd27a93e6b4ba247000000001c9c66ec2e83533ae4000003829dae36da900000000000000000039fa1be78b6cb3c00000018b575b7d0f98b1af0ac88dbb7070001cb726aa7123b0cc4d90000000343bead0a878e7800000000000000000013286e69f4ebaf600000000e2212f8790c89c9fc482f12cc1345b1daed0ef2f87cc09d77e9dc0000000145de7f339ae000000000000000000039e393e859252b750000000f3e2b0336b1f0f43dfa798e9e7ee3172bc70cdde26bc5a3687cc1601743132c000000d57cd57053e0000000000000000000007bfd27f3759e5a4000075ed0d3475a6dbd0d33a7b1d128dc95f2d0ca2a0c3bebdcf9f5238e9c64e36f095dbb45cc8b200000ebda18543a6edd4000000000000000000000c9dfc62625e9e9049d800e0d45293c961566beefcd2a8b372f90f2c6339aad7126403726e681fa2f547cd563432e035506bc6b627b20a26f13d4007146daf4b1a2c7e7800000000000000000000013e80cd0e2f6a62c5246047243499e767c1a646cba4739363a0844649f710016179c0b8277bbabac52c5dd55f3e30e2765c6093453126851160eb6185fcf1f6062154ebbafa106e00000000000000000000001208fec0be6bbb32b82e06bf6068a9a94f526528e9e80155d53f44d2460db529dc90d8d5ae3e6fc5fa622844b335b865bb9d5758047b6520afc94d3d76430cd99d1d781cd69645324f2a4bd7e7a35a000000000000000000000077e9c9f406c22562957d9b515825436e569759d80e39d01839dad8193ce95f772cedd5479e5ae81c88dce3647621babb1842bde5d8c4026f1ac32057840b6c76eb11b84d07cf573d2c70000000000000000000000002c4b9be7afa0c8c5637b51e5872ee9dc03a5653ba54db5a116cc269d23d22351a09d0acb16d7154efe6de4693699bc1c81859a2190298464df5918d925435a4ae26000000000000000000000000677d23f30fd1048717280006ae9ab92bf2d0f48dc94d3c667c2b9dbcbf4c6cfdabef7274f1f600000ada7f5fd8c7a78fb690a035fdba8000000000000000000000001cdcb4cd845d0000082e0e5eb8d5cd613e25cddeb8949be75ec3c3dc45b67b6e073c7200041649afe84a6053da78ad80000000000000000000000000dde93b9f53b59b30002191cb0aa836fafd8698c292d7194589b888488df6dbcb680000006be213eaccb33e73bc7e733a80000000000000000000000001cf02ec9f52f740001c52776c608943f611a1d3d048a7f48ca8bedabda0000001c54d6d56478555228e0000000000000000000000000001b7fa4be57fa4cdb00002bca96c2809c831b79a6d81309fc285a5da25283d40000894b714f99f1fbf400000000000000000000000000039ba2969e97680071cea0a3703c3dc03cf9e314b49d7b1b3b06abb34f7000001f39e86c1af80000000000000000000000000006c35fc9f52fa44e5800adec8a208df7e3900f3c2ccc22c9cdd1ef04ea0b2e24c000002b7a7be80f9fce00000000000000000000000000001645c5f397d0266031fe6bba2963d40078627bf812d94c1674259139792500000187f31fd4ff00339ae0000000000000000000000000000645eb41d9c5b6ebc94dc2fdfc4007430fa064d9955cfcdb4ba23212660000038f9f3e84a74adc00000000000000000000000000009843f745ed8fa7d39597bf5ec00c7c8c13cc0daeab92d4f78cc80b3fd6292b0000040e635215d80000000000000000000000000001ede22d6876de1a64000f3c1c8c70003dac4ad76258f3eaef28b39aada803af30e306b79457074000000000000000000000000000001b0eb879e72071cf898bd79e000073c0dece2ab9213290478581e95d8dde91a2343a57000000000000000000000000000000073b0d7e69e806165e01c00000073c095caeaa96129383c2bad8e9400000000000000000000000000000001938dea6683c313d7c800000001cf0257ef0ee4e38000000000000000000000000000000001cf0362f3187c73c000000000000000000000000000000000000000000000191cf8fa1e00000000000000000000000000000000000000000000000e79ea0000000000000000000000000000000000000000000000000000000000000000000000000003fffc4002e1000010400040601050100020300000000030102040500061213101114203050401521223132232425336070ffda0008010100010502f871629242cc82d8f1be4c202482ca8848ebe8a0c57cb3bde918b74bff001be4d4af29a57a125cb02c737a1cad5fd2c1cc358bb12e4efc6f93149b47a38a5924beaa692afd065eaeeba6a61719a2b3a493f269abdd61300118078cc95dd0cdf9c21b8a4a782daf87c25c764a8f630c90657c7009e72d3c0657c4e16b09b3e1986e097e6e52acd2decbcad6d846901780bf15a8ae765ba9e907d99b2b3707f3282b56c253511adedbea96cc1984f093e1b5aae5cbb4db7dca88a9986b1604af95123be548ad8638313beeea192d9240f8e4f8236388ea1a541a277d8441cd8b36312249f939348c6cff000db558e60e742244279e381e77d2d2b23b7c39d0ac599f26b8eb16722f34f0ce84394cb4a82457f96bebc92df5956388cf0ae2d2475561f2b2fc8ea2a7c470b0ccb8a5e4a70bc2ff000b18e7baaa99c57c48ac8ccf15e48e9aabe5e493f3178dc88e4b3ac6e8975ae6617ecbdd16010d8aaab4e421304cf1e753e98df2f2a1b66dfcb671119893145231260143d91e214f88b0041c57c5ea1ed446a793369b76dbe5c32eccb45e69e4b39c8e6927858bd4c97e0f14e7c7d30f814130977e5330cb01f3ac9cd161ae4737c6b89e5df9bf332fcb49757e27b918db8b746b4f20b215a72b11c53bb1f9e175e10c54c366c84c7d408e4490a3252dc60256199e2b536c577cdca1336677848f68d9756d855715fda44fb7145e4b4b6ce6be399a71f87394cd20f9a2238448321b2a277afd92f2d1391108aeee7afe3d811b884a3b3735e22348cef72f24b697d6cff9a06ee3f264cfb77decf6847184e9d22ebece45454130867832fd8970ccac65c372a8b0dcaf0d303cbb5cd53d14028adeacd5c5e1509ff32ca32b5d97acd1edefcd333a6ad5f9c076836e2d6dbb1c8f676d8cd1c30cf7925486cc8c164b55b0c5665873b11a38a30fba5471ca05bd712ba4e328c46c859017048663abe5d3cc4951fbb3048fa85c1d799be74e66fd7e5299bf5fd8b8a792a62a4b32e18a47611138b88c6e1658130e9f1d304b56e0d3ce4c564cd5c2c610a7c69f0cb0a4e5106d554e8c9205281ba3a496f852c6e4233b2e65f455d5acd23f9f56bb90a9cdf4dbaecba9491e2d158961941730ccdfa8c6c3aca3a60b6b89362fc3ac2373fa8c6c75f1b0eb18c988b39b20f8ae97bedc5bd70ec63514f2433e2da362d82b8cb53b7c1d99c256f4b98de9ab3e7e5f2695cd10b64b432facade0bfacc7316448831f40c94708a35cbcad5fa11f172c910e6f68dcac7c53b64058f731f0a4a481e2eeadb611e82c9e6c3911cd9d1b6c95a5740b213d083e128ed8f1e900fb3b6cc8ff00cbe7d3bb94997192c2b32ac9745b2e16e7d8875ed593329e3fdb8e768fc22462ca3c1cb31863265cae7a4bca8b89b5b2e1e22487472088d2b02570491243640f17d5ae3629ac5b6116c63ef82e03f8e5a97d445e19ce66905143fa7d5dd3f548f9f05da25d5bb542cd515d127419092a263374afca9e22e863518de37d1baaababae3581ab6bc15e0e3cb13a8614ac3a967d7b92735ae8b274be1cb6486e2d6312be5c4903951ee22223f2e1d62d861cba5b0d16e73158bb4c2b076a99f3d1792d093506da224d8193a52a61eed2c3af5b6f500d02ecb039251d9d2d5c77da939a5a9703b51ae0471953898023b4f9760915692681cd996b1d19790dea0232a664b12488f62d58d3a1137a266999d356e5585d357ddbf4c572ea77a0ca85d43c5cb16aafad6435955972329cad4e49c6d25b82dd43ab8d22cc68f4b1c259870c9d1dd86111700b030f00b109308bcd3b0c1199b332ec43361c99350fcd30ff00cb299f76b2c156e3313511adcd45d31fd0e532f236331c2eb2b4963b99772e44e9e17172a35b0e5abd4003dd49835b16133926146c5c1aae09b06cb30dd8750cd16162d98b0c9658eb1ed88e4658eac088f2764c8ec951eb9df51a7aa9ab581c9d0f48319bcbfebe8684bb735384bab56e626351ade36aed35b24ba2beb6720a23aeca1c46bb807c35cd7276a0d88eeeaf774d99730d739d791c4d007198cbb93fd0c37edc98aed71b0e00dc7ecb46eaaea98bf549436358cc4aad872b0fcbfb4bd4dbc1c43bd8c7c0c8d22786e17a6ccaf0b1e6c15da4539fb92fd150977ab3bad0c80aea545874f5d375f6ccad8b330faa9911c0ba513c64611bdf9cd34b46ed4cc5c9766b57efe8f261b542eece04d15325bb7811bfda158f2c3551c9d85130ccfa574ef14823709dd9c19aaa6a5fb9598ce26d159e8f26174d87766d6ea099dacd281bcd8b2752c79258eb1ec844c22a2a78f32335d2e597eba5c67536a97e8e98fd3da7766c673a96af36e2605841c3b1e68981148251da19b86db330091bde1b01ef41c984d5598ba91d559fa34c569fa881db661ea2beacbb91316a4d111a9f8c473da6688f88109d21010421f1e555d89d7327a6aef4b938fb95bdd347f4cbac5c3f548c3d3ed5b375a5417448f1cb55839af36ca470bd2e4d3e8b0eebdad4b189064398e23f764f077e2eafb054c41949245e2cdecd06ba7f337a5aa3f4d63df9ba347e887fcf02e29f4bf115a48848b6232222f34f06680ef53988a47fa6a93f535ddd9d246a3a7eb813f9a877299c2a5ad7b1ad54f0491ef01c8ad77a6c987d75fdd6c7eaadb8bff982ed32f856976e5f86f03b16be9b271f6ecfb6da474b5c3ec7ff002d5d2e45e69c00fdc0f83398b4d8fa682758d318e47b7b33a48d115bfcf17ff1886ed717854bf544f067517387e9f2dc9ea2b7b3339fa8b8ec27f38a877387c2917fcfc19985bb4de9f29c9d04e3208810ea5297b0bfac523b8d1ff3e0983de88bfbf4d504d32e2177a3f0cd92366a469f8f617f78a87e999c293ff1786c19b53fd305fb65a537df867291b93bb5df75c477ed9f8522ff009f8731b345cfa7a791c868bcd17f534dd558f63979378d61b7a36299fc8fe1ce91d5b2fd3d23ff00cea8bb916fa474d543fd76157b2ba46c1f017a8ca3723d9e0cd4e61217a7a97e897545db939d647e2dfd763d79bbb2aa4ee3315123c124cd006e0ebd3fa71bb4118ec5d4aeb6cfb1ebc9bda37a8df14ed9016aab5d0652481f6aaa225849ea0b706d66f5114fff005a3fbaf6157efdd0e42c728de846088e1121cc6484ecb29bb989464001caae77a869f4c4627e3d8bfbefae97b0ec22f258f66f66073a3bf049601a4c9ee370b391bc6f529fbec2afdbc35b374775a49da17af22f3778ab66f61cad088c47149ead9fcf055e49e4ae9dc6ca4ef97d60b897f5e5ae9d8b695a5beb47fd7027f5e6e7cfff006f1ff24fe7df0bf65f7edfb389fd7bf55e6bff00d93fffc400141101000000000000000000000000000000a0ffda0008010301013f01001fffc400141101000000000000000000000000000000a0ffda0008010201013f01001fffc40047100001020206050905060403090000000001020300110412212231511020304171132332404250526181336291a1b1051472c1d1f0244382921534633553708093a2b2e1f1ffda0008010100063f02ea7730ccc57ae4aa7d68a2b55b2717ad4e63b8f936c6eac7c8451db489346c840f7bad27ce7028f29a0a6f4146edc7b8b957073af5bc06e852d9160bd66e8641e98c7ad217942de95e59c7211cca66eb37879e7dc22b8e61bb57fa69e5da4f30e65d93d692dff2c5ab3908086921291b8682a6c730eda9f2f2ebe943626b5190109685abc56733a56cba268509429973760731d612db626b5190109685ab36ad599d2b6558e293918536e092d264475efbebc2d3ecc7967ab2fe6a7a260a1c1250eac0244c98e5de1cf2be5abf7c645f48e706633ebb7bd822d59fca0002406b171039c1050b123d524913260522902f6e1ad23844db1fc3b96a7cbcbada19684d6a8432deec4e676054d8bfe5151c1d48250264c079f16ec16cbb81df9185b2e89293f3f3eb4e36a02bad174ec8990af04285dcfa8556c405ba2f79ec996d20574a66a3d6997876556f0898d91ac2f6704a13665b6161abf5817456fa6cdf7a76295670eb74756f02a1f4d9d5589882a4d9ef7eb155c4c8ecaaa44cc0e50051f9089245ede767485efab547af5ca43191ae3684113104a5359bde9ca2b3379396fd802ab88ccc5d155bdeade6025b121b46181da5563d71037380a36dcb37d1de22f0bde211317d198d4ba9927331337d79989abd98890b06d4a7736909eb8cbbe058313da969b377b4a892495ab24c7374532f78c4cb2ca5598318a3e313e4da59f3317a8b31ee9893814d9f7844a759a56f100a4cc1dabeef8964f5d6953be8b8ae236654a32020a47472dea8bdd0f0ee893551b1e422d7951ed15f18e998b1c5fc63daaa24ea5b707988acc4dbf29cc4553ea8fd202906636749737841975e530a371ec38ec8a9464044bfb51fac15b8664eb4f526202546ff00fe51591b26e8a936aef2b875e4ad064a4998869f4e0b13d84cc59d1ec8ce12e3ddbb76955be94497d3188f1405a6d076049c21d7bb24dde1d7aa6f22c87688b385f47e7b0522760e97e905e7bd98dd0c1e3a2a30da9c564911790db5f8d51ce52d23f0a62f529c3c045e71f57f50fd23d9157151829e4023de4d8624abcd1e8ac691e40c7de19b1431945459c71f23b0521279c7ae8e1bfafa1591843e9e8ceb7a6f80a499a4da35a6a5a42cf4445a1c0d4f1aa7e30102b003dd86d14569c5aa7e180ba7aaaffa69fccc5461b4a1390d7534f26b215050ab507a0acf45294b1600120c142fff00b01c6fd92bf7284db3207c46bf2483711707e70b9613ebedba31489c722a37d9b3d376b52e95f755d22b3b24ac4a60656c48501ff5291f9c5f61291e6a9c61a6f2923898f6c8f8c7b49f011cda09e31d2aa3dd80cba6f6e39e8532e8e07230a65e168c0e63380bdeea8aa25db1818536bc7e91c92f7180a4e0755d7bb58278c3d4956e1677024638880951e6d46a1e070d536ca63e50eac34a551546f04ee89b6e7ca3a67e118a8fa4734dff007473afd519611ed27e91d3f947b4f947489e022a04c84ac9e8aabf683e7a2a2ac707417947f8653c555a6c6d5a39647f5407d188c62a1c755ba2376845a7f1182dfa7702864a0603a9e8c36b26fa6e2f8ea7269dff00b10db29178fd6135db92c76d3618e669cf01ef09c7fb415ff4c429853eb5094c1c27ac149c4405a7d440524c9423de188d1658fa7a0a85512997696d596f6a0838185b4ab527e9153ce12b4e074b8f2fa2813853ce613aea8aa302b3dc053e21157794d90e511db03964bde1a556f4a16faf0105e5704ea51e903f01d09698456598fe2a6eb9e46422c6949fc2b313a23fe8e473eca827c42d115861bc405a0cc180b41b62b271de34269743bb4c6ad12ed456c1d4d8b4e46263a69b4425e4e29b0c5538e3a5ba2a715de57089a873aa15d509190ee068f9c27ca621aa73365636f928434f2705a67a39207ca1b6b7aad5404a701a8fa07480ac3888a8d0ba3a4b3808e4d916f694713aa4d4e497e26ec82aa355a43796062a5210b657928405b0b07818b2c5ef1a3fc4e842cfe736378ce10f32668508559cdb905a5e7a0938082eaad6506b7a0c21cf843a7ce5dc13ca17e861d67791778c3d4273a49bc99fcc415642716f4526d8e54f497f4d5fb850cc8ff39d1d8197184b2d894b70c4c5c6d238c5a8418e71053f38e6d60ea5579b43832509c4db0b655ee2a2b5129d39601c112a4d003c3c6cabf28e4e915d851ecbc9945669695fd994838a4cc36a829f54986decf186d79882849bef5cf4df1caa8738f5ef4dd038c139f70a466997c34354b6c736b35bf510e3a93305364151ed9f940030d44314713a53d62065e71c8b26b3c6d5ace79983d2715988ff002ee45e4ad3e91ed07ac4d0af818928d71e7178d43e7166ad579b4ad39284e15c856a3a8f870f843745fb4057a313550f8ddc60b8918def58abbd06508a3a7d8b66afa6f80060225eefd7b8827257d742eafb46efa61346279c4b957fa6124e246a127010f5395ed9eb11fe9a21486d5568a937d79c499684fc46d26308b5093e91ce515ae204a399538d1f2338fe1e98950c9c11ce5152e0cdb545e4bec1f792651825d1988ff2ee7a45ad140f78ea2d9704d2a1282d3b6bcdf36ae223ed26cf4c0b83cf087296b17dcba9e1a2a79f7171d29a3a45c7155d3c2025380d4a5286e6d50c36932ae318433f66d05f7d08fe674428c7f15f67525b4e62d8bb4809392ec89a5408f2d6ac1090ace5af4ea3f65e1ca0fdfac3496c7f9997c77c21a4745024341f2ee26d5e70dabddd08788e71008078ead2539b6afa430d19f24d26f980940aa916003473d47428e7818adf67d2dd64f84da23f8867976c76dbb62aaaeaa2685050f2d9501fdcbba7e9f9c36ea85f44ea9e3a16ac8438af3ee3695af48715804180e26c7690a9cfc84726f1bdb8e7abcf3492af10b0c57a0523941e0731f8c06bed2694c2f3222b36a0a4e6361427bc0b3fbf94255989e87d7e5dc8eb7e056bd5f1ac0869918348088534e58b16a7cc404523fba260cc6a943a84ad3928457fb39e5307c06f20fa455a535c99f126d49fd35eb78560c51559b634251fef17dc8e37e347d35e860e1cb810b5666048d5713d154724f5d793f38b86cca24e5c57ca260ed2923200fce28fe531f3d0c33e04d6f8f72519cdd5e475cac62dac2a01cf456558a4da1437404d23fbf4736b298be12a8bcda845d6dc0332362fb7e24110b4781cd1487375690e1dcac3be240d67dadea4184e69b3411bd56680da5e2d83f08bd48ffb447b4ba312718b1359599d9d3e886c91981fbf48797be521dcca6ce2d2fe5aee265261db53a10dee034869d37f71ce0a0e0bfaed394183827fbf842108361ee65b470711f31af21ed916a0c1a352a6975165e871cccea243c782e27dadfb3a152725553fbf8c21190ee6a3bbb82c4f86c3ef0a4c9f984a5437ea0875b5804113940551dcbbe130039715f2d93b9a24b8ac7b9e8eeef29b75d8a383d1158eaf1046955e5a569c951d2278ec1c6ce0a491041c4773b8cef6d5f23aefb9d9ad21c06a1868fbda5192aeeca928dd5a63d7b9d4d1c1d4fcc6b3eeef09b38c4f50c039403a50acc6c5b7372d1f4ee765e1d854e029381b7559607f31558fa6a9d0d1f2d20784cb62c3be15d5f88ffd774227d24d9aab48375bb9af2c8e97079ec5ff0076f774141364e5a8b7158204e16e2ba4a333aeea7d74bbc762f367b6823ba25e21085ef38e9520749d3576007884b4b9f8b6548464e1faf73a179185379de1a5a6060da67ea76085e474b83cf6549f333ee861df0d8627a1f7bc4a98e1b113e926c3a148f10d9354802ead354f11dd0e232b60038a2c8a42f791547aeb4b52de82ac3a12b18830149c0ec54d6f17e7977401e2b22aee5d9147a38fc6767c928de4e1c34722afe9d815aa1c52ba4bb3ba12ac8ce12a4f110b5ee1746cc292644405a7d44029c447be311ad6c59ecd38406c608c78f74f29e04c13b49f64e220292660c05a0c8c4b05e5abc9346eef39c2967d209389ee95b39aa7b6aabf667e5a2631893c2b8cf7c74e5c6265c4fa4556eeb7f5d1553d04f7c869d37371cb5aa24df57cbbec34f1fc2750ad58082b5627bf034f1fc2ad324fb34e1de12db069e3c151c8a0da7a5ff1c07fcb2fffc4002c1000010301050803010101010000000000010011213141516171811020305091a1b1c140d1f0e1f16070ffda0008010100013f21f870b30d6922e266010c3e51d952059ee549494a5c8c7882c45b8aa1ac7a79c326af9ea7e564907647281923e3f628e49aaf8722a1100371362f68f242660a8d5be123eff29cd0e0dd963a094fc784355892d1b1ef4479054c318d76a40c210389540c59645ceb5f942e38f4f332807d9801155010b42ab7e78dd4405694cbff008a76db3ca2618a19b53d9d91f9109f8082c8daa0dd20fc30a3fd7a17fcec1ce4b374620349e84e0c1f18e9200010d884318776ee881f937cd0b6905178fe90c300c00b06f32c2684d033bfc413320001041c9210374c82e418829d51c76f5bf2eff22c30c4e0b1535bdb1e03054261398fa458c0d86c3f08a428804f822a036ff1000206fd1298b5644275f967b02c0c0fcaae201a86a8fd7214e0855da3ff0051e149833cfc01f20de6c09e6652c1273fa40308e01503132264c0eddfe51c466cf93b2106810e3843e141833b146a06b6cc5e2f44716190cc1027227b98d059f63c2809449813a503b7cb734bcf2f870c8aee1b42b5928220a398595c7840059e8005680923cb7a9e22aa2bc3604b1ea61ed1f96e8d459060f81c409224106d455acc95ca9c9dbed1f680b041045877cef7407244e6ed2d24b88e024c2c00fefcc75cf765478429c4213e8588e5628253b1014f81ea034dc3efa441308f00819057eece26e412100800715b7346e353e7e610416ec2508014323884b0940d5d01c16118974291582c2d1520764dfbb19e6e8ac42b257f260053b8ec6f42492011c4260e54ecedf93c7cc0a4501a67b0c7863a5544a3d24591fc009de75505934d837ea578fe5bc22fa9f52100e0baa230323541d463e565b4ae2496a82836f7907147cbbc3634b6ae68f9d00c0d034ecfc26432725350b7fd90c1af9bceb151b84111889042b8c09a0fda1d3660d470ab6ce9a83af8f9cd1c636215344b2e368ebc0305230124a10aa02d7ebca9d82f07df68b18dd16b0389b960b8a4cfb44759383c001c3007251a56005c34f9d8a96a64e4c201ecf078006b24216a0a1922c1c1432e0f0a10567a10200081399d9d6b060a7d85e05211e07062008e22be144f688455db6341c0dc76bb8c954b871f2420c01307732286fc5a13dc748d5031f9d8749442d36216940794d4e2082d1bc7b1948649c90db66d47bd0cc87601c998b542080322fe7f1720d11d8b6f8e300c47b4e8732e5f7b320310267d213791b014c012985a971543dcdea224a8f1f77eb9008b60197cf660e2e9b556e1759ffa1a6e900250e8ea2661b334835f17a25aa86533a692ec104200641536769d02a968895edc0a1c4fde6c15070505af05d9b2b9291d6f8232113585d13881b40081e13497bea401e6a312548c611e46a8a338dc1dd6e2cb78a07de8a6cce08df6947e7bcb4128c11db2c3368f086e0d4b8624dd6938f175c7784e6070ac2ff628246450a6c312fa4608ae85029115ee285e7ad607a9018c29514d647a4940905c411453b43382fd97c3ac49fd29828e28707f050309b2d6003ca1a9db0dec505fef8171b47bdd29650a34074f2994b86624cf207d3f6fd26eb2a1c3f854f40b41f70769338d13c377d30b1ed15f280e24848ca92bc6f85810400b14a212e616708c3544b9725cee97763b82aa014b829e4c1c14fe11b2a960efe93829972022407b434dc0c426b0ccb6249fd30606fb8eaa9b0b8db59d66a53408b9d882694801808e418e8f642a74a4b164642d059fc1f68dc30c1f0b500a95c6762601c9fe850a6d900bcfdc7bd87c564160bcdc8109db9d0e56a2071bfd8740b80709bb8fa444b03fd9084e528be1b36498041dc5ca8f034caaabc1120c1666813f77324f01ee1827a06405d62952021e7bf9dae4a7d353bf84089760c0598b9d79069afac26c9b7dc5441e485240ebe953fc10b8da3639ddba9f48a1834d5c84630180dc634fdce287ac00feb1084b629c770810c438362695fcfb0289f35c913d8fa4cf4aa5a76586238560c55d8f81a25b7e668045e87d212509d0fe945a1ae763fb0d80226039286ad05659753ed3d6f1dc5933140c691c80c30a93a630a38751fc466db0ae1a23aec108ac59f8c508d50c48f6a71e47ba780dc6e0c044f06c4763123008022625e51909c449429e90e17592058b4b1833b48758759686c6cb5a1d0a7533ff00432828255928de23093fc2b17da497afd621b98923308440ceea107b26c8ba63f8ccf2748d530b2958597bd5370daf3900e8e5ea4fc802700fda2328dd83e81d3f57a656312bdd5559826e0928030c0180dc7a14bb05a7805acc1c4eb8c98e2599fb15ee804e9b3b4a08fa11b019b8ab471d7d503625dd3d509e2045e375dc35843ba781507b9e69710216e041187585815eca486ae88492e245185cfd74410d80c00b028a1a1f73722770d8e81fcd8c707d48812350a4602e9123e930ba6fbefb870d80e4ab52e7a80b3328c431a7ee5088d648baa580e8bbcc027c704de5d9485e6f7953354ff62cf441f82b19f9b7d1407547b2bc2703a3cf79c0fd37006094bca297b92ee8750888308098fecfa2a932e1ab6a753e1589c60d81d03fbe44c581fa1744e1c2345ee51c93d18a030c06037095c15d915fc0c1b810c833160b40ca338c060533825b027de163b589f71910e25592418c3b29bb67a007167f6e8a245135947d90dd617286c6e8bc7a9e4570d13ac2c7207d8e33b83063f8dd63ac48c641ddf07a6a80d41b0004c801c281dc129caa102acfe7836551976cc8fe5562740b8567401d628768842e20fe363d16a7b2d3a74e440b1857a4cc77e6c612f2602715357822fd9a3ebffb3741618133a84f841b46c82d6aa93181903ad0a1320509c0626a07828c6505b0ee58d089c49a99e46e6d5d191df3887fdd3e900fca734a20980e514c088a0fba09089208dd340357013886aaff0020d11ab92f75d5d489c38defdce2e3da776aefa6c626a01a09e48efd1f1997fa8537ad8923a2c79ca1dba00b0a31474c41a630b5cf390bb817b21a0083420eeb201846f5ef74502b267a25b1913052ccbf9c9240600c8307cef92995e12ded004501c6c3f86da482226340c839a270e241a109d191142216fa146f6820a18bdc04079e0fe1982732d0684028d253285decb40e484d36d8af2cc39b4ef3774419d89886ff00eb633557fb5425518170ee4254392894990df409acea0f088712bd1f789051882c6798c8b933c95ed480334f97de329d9717ac9fa2e363316a399d8e46a2420440adf92acc030e18d15981e7044847da354ebf48d792bdeae199f4fbf1cc385df68c8a020519468b1a06da147308a140c75f142ae0d111e786cc50c6e84233061febc9a666d5083d90911bf4809818e037a06cfb4649010431c089c998ed91f4b543ea40701045e382fb01ca0d0cf674475cb0edc9e4470f5083bc55b180f1303c1ea81800da2fa93503fb0fada047c5d0232550c887ae006ac4ea104362311c9dd8b58ea797de344cdff041e3726ac8c0eb1b64978d50e0b0c19dca97be4eec2581d4f0fbd2fb1633a077286096e7649b5b40a6b2d0fb0162e2a25600e782ccfdb2ff00393d9229656f64731c2c3baeaa4991fd1ec85837a65ac1db89c704d309ee8e50689385dbb2801013a9efbfb75ec7bdb9484f6e0e2f103a146bc9ebe873234ee853697f634f409f4b906c49dd386c8cb80edec9c10d044f5081881a88e4ed6fac35aab803ab6bf0863954f84c669dd27ca363816bedb7b778e09518335197271825914f16603edda429a87e2e64291ba4e9d9875939205c467b34b4f6e094debb1d472708828cb3460a1082843844011341255bc82f603b6ebc6e328bf30d8ff5e0cc70aab047e2c3db943a4992627e133f2b13705b5bc10b3b7601ab718c9fe1755a2b5552298e371c18c247a4a728b9612b3aa5d56268d549f18f681872dd70ddb355236ec464f8fd381643505e6e441972f7728389a892b2b88aeb702cabddf75c3a6f3df9382ab014ba28a1311c109c6587fa5bc6049800e568f06fc53c1e520c09548350a4b5dd7182cdf1f1982f8262327053689560dd4fd6e13129e181a5d992ac83305e51c372393ca7012d1f993438cee12c2513bb813b4f38af40b87120d191844202410840c208fe90d0c277453f5b0273d90f2f1ab7ec4e16231369e540e01081b8c36fe13dc41f665bd636fa39582c50911b9a0470826e8942f8dcca5cbca3bb274e586e3d36bc9e2bd9113c1d8604a96ec711bf969d46bb49838c67223782ac254ae1772e261e9b49cfa71c91392e71e5c0b140b8844b07464f3e27ca89b3f3f3904701cfcd84745c3fe0260ffecbffda000c03010002000300000010f3cf3cf3cf3cf04d3cf3cf3cf3cf3cf3cf04c3cf3cf3cf3cf3cf3cf3cf3cf2043cf3cf3cf3cf3cf3cf10e3cf3cf3cf3cf3cf3cf3cf3c03ce3cf3cf3cf3cf3cf3cb14e14f3cf3cf3cf3cf3cf3cf2cf3cb00e3cf3cf3cf3cf2473cf2c73cf3cf3cf3cf3cf3cf04f3cf3c234f3cf3cf38a04f3cf28d3cf3cf3cf3cf3cf3cf18f3cf3cf3c238f3c920b3cf3cf38d3cf3cf3cf3cf3cf3cf3853cf3cf3c920f08e34f3cf3cf20f3cf3cf3cf3cf3cf3cf38c3cf3cf30a00434718f3cf3cf14f3cf3cf3cf3cf3cf3cf3c334f3cc2c308120c28e34f3ce3cf3cf3cf3cf3cf3cf3cf3c528000a20600100828b0c000c1cf3cf3cf3cf3cf3cf3cf3cb1401c53823c53873021820041cf3cf3cf3cf3cf3cf3cf3ca2c20840063880c730728b0cd3cf3cf3cf3cf3cf3cf3cf3cb1491801493cc08c20918c2c63cf3cf3cf3cf3cf3cf3cf3cf2cd0000410c93012400002033cf3cf3cf3cf3cf3cf3cf3cf2802000442480c000000c0cf3cf3cf3cf3cf3cf3cf3cf3cf1c10c330a2c008b0c30c314f3cf3cf3cf3cf3cf3cf3cf3cf28630c3011cf10c30c30700f3cf3cf3cf3cf3cf3cf3cf3cf2c80003c320608000000d3cf3cf3cf3cf3cf3cf3cf3cf3cf3c03cf28800630d3cf3cb3cf3cf3cf3cf3cf3cf3cf3cf3cf3c33cf38000f08b3cf3cf34f3cf3cf3cf3cf3cf3cf3cf3cf3ce1cf2820090803cf3cf0cf3cf3cf3cf3cf3cf3cf3cf3cf3cf08f0400070043cf3cf3cf3cf3cf3cf3cf3cf3cf3cf3cf3cf08c18000f3043cf3cf3cf3cf3cf3cf3cf3cf3cf3cf3cf3cf2cc20000f3883cf3cf10f3cf3cf3cf3cf3cf3cf3cf3cf3cf2c300034f3c710f3ce3cf3cf3cf3cf3cf3cf3cf3cf3cf3cf3cb00414f3cb14810124f3cf3cf3cf3cf3cf3cf3cf3cf3cf3cc0053cf3cf3c30413cf3cf3cf3cf3cf3cf3cf3cf3cf3cf3cf0073cf3cf3cb2473cf3cf3cf3cf3cf3cf3cf3cf3cf3cf3cf3cd3cf3cf3cf3cf3cf3cf3cf3cf3cf3cf3cf3cf3cf3cf3cf38f3cf3cf3cf3cf3cf3cf3cf3cf3cf3cf3cf3cf3cf3cf3cf1cf3cf3cf3cf3cf3cf3cf3cf3cf3cf3cf3cf3cf3cf3cf3cf3cf3cf3cf3cf3cf3cf3cf3cf3cf3cffc400141101000000000000000000000000000000a0ffda0008010301013f10001fffc400141101000000000000000000000000000000a0ffda0008010201013f10001fffc4002b10010001020404060301010100000000000111002131415171618191a110203050b1c140d1f0e1f170ffda0008010100013f10fc3491ac2d0f0d57854011942ee36c701cff0029d7200e20e23485e94192845f2e0e8fb1c6008f8a5be4716a688b33cc2eef7aba1725e31fb8fca82cc735b9faa5149d26163164da934b8a089f0e797b084d41346315d6cc8cb7270a836bbac312d924c696a3636566ea00737ccfe51a3b4862d923bd2a52e92c5633a4d833855851045fc4dc6081a82862e5ec13c74a52dfb82fc0680400040160a18ae12135a76b871026ef0904733f28038e09616e1e41cdc9a304680105afab4669620c012d3ca59383c3f3cc62972b30152c408242f8f22c380788716833590d1184da985b200c458e5f90c98a12eafd51220215dcbf2303fdf18766904a7d8c9e0b4f2d064207e3f3429ac534dba637e6e070973a0f2200851979a22d8a4489353f19601015d68f44296f2e9c5d6a3c52a436a80c3766e1b527e6460890b692eb9b427850a021d00100700f2a5450ba912bc433e26795e9c1bf0c41a8e67e224c282956864a5d093970e39e56c4f94112d01223647853061191bca6d9708c51a4fca6da4e91cf401776a346412085e2eee590079d26a1cb94623e4d736f4ea416cd9d4fd65f84c1da315fe150c0d208d869c59ed478200800803ce0ae28c9ee10fea9b060a7c80173f7f957a4c12e39072919a607a210ec588bba8e5c59e74dae12208e8327b397e03dd249cb3aafd62d44169c10be83fea8e280180111e828a962edc02f2e809fca5d1ea64a60f34949a4990cc70f4813e444a4d0cca094a604b89c9c31290f50268248fa436fa71c0a6d49085d359ee74a0f4508a80bae94f2ba21926b3c87e54d4978f9acdbb80f3f4cd325c2cba8e4d5a9378770c183c694678311d4732a3d1657712cb4a826e5b7abcdc287408108f01a1c283d2bd7ea6785fb72ad1f97205839723e4ea7a8658e0a414625e6e3c458c772a5ede2e03c3477a5cf284211f345044ade080e0fb68f4e0c0253417fe144172662baae6f1f4dab679c1c6113ce7ca9fcb142125ed20ee479d29f512748acb2c3b0dc9c272a50dbe2c1df537ab12d93638e2e951e11441525edbb66f2ab0697b84e81de9da70c45871a1c231a35a6050069ea342cedd0b0a7e29cbf3114c8d18b0af28299d9310cc6fea1b2a00956c149a99c600c9c262f4da6283e570ac46983f6c1f353c84ccf4de246b7dc897eaa35d36287403ceac40b8236d8bb411eed1113be9590ba164b06261250c4693913d416b004ae414cd3130661386c1072fcd38e02132c025fe07d31c292b8029e1b2191c57f8d74a08ac42dae3abc6a19e6143de45eb576d9b8ee2977f13eeb899779f757849a0fba1c9d1a7e134ca218dc3d30e9462697149c9c4de865b6ca6e51c1e1401ec344744c9a1f4ae086739d1dc9f9a359420d60ba86f072287d12552832ff006aeb024c989c2f8e94f9ca67f963cc6c1052f1f234b508423458c88851c619525de36b25d1e3e959bad06e3dcdeefcea2e04f2493e291125b29cadc0272f40750d4300153264176d6e17f63534d25e342d3191a79c41651033f2968b3190544d9d68e3da9183c5e07fb3a2470c3facfa01192460062d4de927701d65f9bf9d6d5c1d949dc8e758a7531786c1b3d46867ccb151431297591e2b4e3ac932303c0cf5a202b108c83fd54e86d8cd928929c5d33782c522cac0586d31b3150aff00d615f82bacefb39a8b0f8a874977a1cb8d71d042a4cf5354eb379e6340214880e09d8cf13c64913c82d1f757e655b1232fd940a8c5e0f1028c1e7c902b6e62fe0c14c03a09b7e728ac4f3c26fdaa20c0c213742e3d942a19148848f4f310f04f8a9b9890a09954b997202eb95049a20dee6353cba45d89ae57cda7176582bc2c163696f45bbe20c9d5715e2d47917c269a405cd039262255ec4e2c1c7e0c139e1e0c2e2d977293880eb4236d91b8387fb441285adb51f250c112531b11b8c1e279969674f4724c8f5e7a2a0c8b64b4183b1f9c5620ec05d600fbe552911ae6f295b11c879522c009572a8b297735d1004c869673610a527dc081e4877a8111a414078246cbfc8b5daea1dab2b707d053630c042e44ad4b12b952eb8d35e62cf946a75f9a92ad30b030d6dad332cd25d58063adc17b60dea63d524854e95cf3a70204a8cf35c1a69eec14b1c1e4daaea561d817e1173fda3be01b31f29a5b4c8857ec4bb152485890584f11c09de96b8e7f9e00f0c1332c3a34ba2f828be01c5bd29f241b58b11f93873a8d5a8a5d286e3059348c228249c95ae605cafe5fea972c68e7cc54993b02676fda9248b227a176946b313b9c5272b7fd747eebf45289630907a814a39da5858ed6bf268b3aa14308d045c25d6e138eb4de974444d2e27356673c4a05942c2ba6b0fd0dea4bad5947604cf2f88f2a8cca50212fd96dd28006132707e6c1bb478b566696a64237045448c23d8880573bd2fe78411b5a488d9a3c16d03ad23a91cca32ec789610976753c499c092ae0502702838c50e63f0a9a1220b98876fa2a1978af9b26c6fa8d34baf07cdd8ac027617e6a4d468c7929c50e54eca4655667c4f05ca66992a310b7359c7dd30e8a388ff5a87447097075383e1635f2ad7c663376c4a8573e06a6e2089d484a30ae22e238d15e3c5b93839e5ca9a3c28cc08bed0b3bf0a4c24bac70f14c2389b0486eb073a993466e0ca06d81ca8f40005a0e06d73d82fd585cee3b4d04e39e3318e74c19c9b392eb0723c6de917284377d2dceb0518b8ec391f5538b781d3f83af90c87da0f0e8836723393006afcd3cec0945d010b75bd00b7c260e4876a8194249c7974d11d190d6f0738a956e0c7ee32a280691311d1327854d33f2cc5c2802609197f568d214bdd8aecb3cd4131adc6cd5acb4590eb039b2e66255fa45b3719f37cd206546284a5727e680076cd0ca1f97882d3801c1ed77bea78c9ba5c64f248379ab8330ee29fa3d827860bbb07ed58c651d849d92815400a209390eeac1cd4336fa83272f0d5242084047761c9a987ad496ebc8b50e53c990792f82c263800dc139d5ccf092eb5d5d0762f56008209d72d340b156f16c6042af353cee6c64b76ccba0d3c988b8e33718cd3b5344d5900f498e54188ed00d2432ab8a16eae713538d5b1e18d065a716c96c060e6e886aa900a231354648d935ab636caf89d6cff2937dd15633eca3428e1b0dc00baf4a52ce2570f1d114e3486ec993583e0d1309c61380f90fb05a1c81d12f44ca625c2a0ce13bf18fadb65a9d84bae84859430c71a3ea0c0e8134fc9b9764227a8a2acd76265c0fdb7e47915ca7d319649d81384dbe070311eacfab18bb1814eb42fc4a0a9a03a05eb2d460bb8c23e1ed528d4e00dc6e51e23838d21b496abc358703cc03811401032c08ed7e0559530548d642af4a8d0e4228d916f0bc5e2ae268308b5c58647289bdd02242325923b3f74c1cd9c44400eebb3476300baa5bea9a4c685b915daf8357e9c485c3e85a01b41ce92faac74fbdd67d858e12317384edf3428510782acf5433fe2896026d8dc472a9679fc485e6dba50e6080580c3c8301f65ecb6eb3c5b52a1243138a0736438115af0b80bbb1e54edca6b25ba55e2dc34eccf6a829dd0b1ea524dcb8aa746a0c0704766c2fd668a30e3f496eb1431ec91247ca90110f4405421cc855e52b113909410c09765b4ab86f73542d229b48643b92f269825a246508b76a9d0a864619e6b8a8434c3a00b074a9e82c48c540f69a7d8784087527cf824764884a96ec8db58a47f0a26ec8f621e9a20d0c2d8132b9fc0f24eb5f4c04b50a0b41ddd0136b12ed39c5121c084a6286a646017722a05f04d0d577e4406547f92a970271153daa57609175a2d49633890773dea55c401bf058a47122b918dc968f433075042f7a1886c6c7360ed4f025728b3d0a398f308b613de8f141f74182961a230cf0a9d686c4bc27913ceb323281965c83cca762519b81b9a3db514d582ce133b8a7d85833101dcbe13405784928ca32e34c983305848b0d06c143a463641e46c5082625f4661f8b02133194a729a0cc4d11bb732ce4695612b025bb01deac4b8464e9225c9a34a57021e654953e0d02012388e74b1409090dc26a37a0f2ad3c24368871c69112112184c9b0452190ff00811d7c25548be33b07b14e562362e7cd5ea966b8843dca49a31b9b8d81d9d5d6a3c8d8d00eaab768c30e00e980eba51ada0502b005239694c0c48faa5dd4d254c44684427396b71a58a71b4ef6a3107648c8e7280746b7e58237d3d21baa28cc51d8d0657b32c1d83bd147843a5a6af048b3b59f4fb1202a1191d2867e42d433fbf380d02c9020e6a1584c12dda31ce5a4416fb98dee3f3e33e0f1facb0bdd6975c991b2f636d10029a2c7a1d0b1c468d64cc80fa0b23c3ec5d0e8184e3b20d144da17d456d4eee514eabec454d39348de09f9f3a888b50e202f2b6b0a3346102f734f35b2d897138982709a9e5499943fb8f5a01c327226fe48a387f023724a189690bc3a91dc8a08b1b37fad360868b424a2371d7cd09f583f454d733374dc23dcf09a70de1bc0ae563afb24e5bc09ca2767c0454545454504067570257d4d3e867b2dbb453e2230c749e0d696e440753fa2a50b366ede5972a80930a5cafa73a044d3243d3c23c2290e3451003408a8a8a8a8a8a82300b1fde0d4ef347840f098a82f2b03b77fb233292d3fdc50a9a9a9a9a9a1da5b3a8aac72443046fe0aaad591c171d385479fc93e8bc6809c14a2476a9141652d3b983400c3f226e65bb5624f9c4778a18fbfd597915353535353535353564a620d55c77a5c98dfc6bcd309602eba53a22cc5e306de279fb2615608a311a09a167198881d47cca5e76064f7050a619cf81fa474f09b3033b37ec239d0c0c64969e3ac378210d89d76ac15f300f7a8e643814c0d801838d5a98be38d8c0e941e8931709094e80bb1661d1c9a17315197d4d34aa555573f65493c0a6f087bba7cc28c95a750a7b9b1146f8fc54d3c1039dfa0eb455fa45f0c6861000ab1d1fe4d0b30ba1b42e7527b7a82b948c600275173a10ea9cb1927d83cda532f657835a138913bbb6a7cad3208f4412895e01cc1a75ba0b8866e2183994895c570130760f144924320c253e608c083083d78f5ab1bb4a936706a7d169c28462ca6eb6297da9d8735fa0f665b048e62e7ca69925c383ad454545454524d1612fc81651c802999955f352f2f1dd2435797b0430a3cee50e0e12c0e98d1c526d510782afa0e5ce8b3c92248f845454545454545447cb13000ee5114b5b000faf662a5921e2cc17c83e65157e6054b2fd9280e5623c661d0507fcb6f887b986e2385d262395603dc03d851e72ac469ce43eea75cecc9187d98c681093c33c17679f4d7596f4991706ee7e43b026aedc1276ff4f1b910df4bbc560f46f6215c8fb384980a73b1eca9e520ccb0627e84a7cd16275f29362617719a2c004367c189e1a0e91421e6268a5fbfa0d394810bab07b3ecf78a1bdb1940e6939d40a14598927970878474a2790d23b9c4be45d00a6af4ddde023ebc66265d8c993e7d0682615262e08e93f0a7d9a6b54f2312e1dc4f23563a6e489097a93951e457714f0293976b9ff5e28e4c1e70faf46021369ae44bda7da0b434532315d3dfc81cc57ac108fd56fde6085f9f2d87567c3824f783f0788bb943d9f442592a31453ee98bc348d13d9f0ac0ae102cf87ad0e4640646cf7f1b42ec27eb873a8a78bca803c090501665210f8f137750ecf478b5ac130b6814768f67cd636341bf6a2934172cff0021ebe0d6145e0da59ea0eaa300c011e5df2b6de1702041bafda680152241dfc38c8ea21f5e915a20b0b237e67da0925e3045f0538a264331c29d70251c0299147e16b1f847964bc20dfc4ab87f3c0c5d3e1f034b06f89fa5e9e92aab585865278a1ed0161865a090f73bd5c1ef2c61fa5b954a5ae8625bc71057954e6bb796d2dde4b14847a19723da6a4c41352e549b4206a66732d45b01733127d058a409264256181a2dcd9f68929bd349c4ee77a8e58b6cd8c7f639d6284406f00cfcde8a8ee976fe592e5307906b1ad7c2ff00b8c368f02b3125971d7edd68f335754c33c2f850978f25c552f407da27161918d99a5c15b264d91a7cde4641b3afafcb3d9bb679a38c5fc32a4002dcc679b674a173c2128b28e036874707cc2bd4458029204c8a2d3cd6ff001436be9138afd1f2fb48b5bc65ba3075b505bcb5978b77cb01842fbf9e5de01ba87128271c0ccfdd3407e38899899946241afaef1d454f8812b22f7a0bc542a27a3f9350c6993cfc0fed1a90e96b96ef7f696096d7a00b9d4a712f902672134acf367ce534d9b837e1386a51138294a64a49692508f06a1dbda7837cbb2a48de5ace6dbbd28b32d3ae52a2dac127aee47028ff00795621dd830fec3dab8d085080d083c9059d7a3353cd2611d6fe46de6c333051be6bbb81ce9f6a887466940e627c921a58f4dc26d3c346fc3e455602d99300a9574e4c8641c0f6cdbbe2e159de9679fa6359cdb238e8df0f5f0422a0095700ac50a23d6fd387b6fc3bc78e4cbea8c5632c916b990bf0f5a94b4c8e6fc9f8a7db776f8b66fac9a60f4c552bedd10e8cd103989a9ad22d291d6fefd186a8a90d853efdbac92ba85f7f9cf1876ae501efe5236321ff00b2ff00ffd9, 'profil.jpg');
INSERT INTO `umab_antarsimet` (`id_antarsimi`, `emri`, `mbiemri`, `emri_prindit`, `adresa`, `nr_identifikues`, `numri`, `id_dega`, `image`, `name`) VALUES
(7, 'Flon', 'Hoxha', 'Luli', 'Gjilan', 123123123, 6, 14, 0xffd8ffe000104a46494600010101004800480000ffdb00430006040506050406060506070706080a100a0a09090a140e0f0c1017141818171416161a1d251f1a1b231c1616202c20232627292a29191f2d302d283025282928ffdb0043010707070a080a130a0a13281a161a2828282828282828282828282828282828282828282828282828282828282828282828282828282828282828282828282828ffc200110801ff020003012200021101031101ffc4001c0001000202030100000000000000000000000607040501020308ffc40014010100000000000000000000000000000000ffda000c03010002100310000001aa40000000000001cec3b4b0d14766b0a000000000000000000364f79395fb3f04e00000000000000000000000e7896163eb6c81f3869677053800000000000000000199358f7d0243292faa28621e000000000000000000000727b7d0f0cb3c030be77fa56347cf4cac5000000000000000193e375120de834db91f2ee3dc1501c000000000000000000012bd0fd106cbb800042e92fa8618510ccc438000000000000f4ed6c9c597c760003ad0b7e6b0f9a78cfc00000000000000000002c2ba3e68fa54ec0000023149fd27a93e6b4ba247000000001c9c66ec2e83533ae4000003829dae36da900000000000000000039fa1be78b6cb3c00000018b575b7d0f98b1af0ac88dbb7070001cb726aa7123b0cc4d90000000343bead0a878e7800000000000000000013286e69f4ebaf600000000e2212f8790c89c9fc482f12cc1345b1daed0ef2f87cc09d77e9dc0000000145de7f339ae000000000000000000039e393e859252b750000000f3e2b0336b1f0f43dfa798e9e7ee3172bc70cdde26bc5a3687cc1601743132c000000d57cd57053e0000000000000000000007bfd27f3759e5a4000075ed0d3475a6dbd0d33a7b1d128dc95f2d0ca2a0c3bebdcf9f5238e9c64e36f095dbb45cc8b200000ebda18543a6edd4000000000000000000000c9dfc62625e9e9049d800e0d45293c961566beefcd2a8b372f90f2c6339aad7126403726e681fa2f547cd563432e035506bc6b627b20a26f13d4007146daf4b1a2c7e7800000000000000000000013e80cd0e2f6a62c5246047243499e767c1a646cba4739363a0844649f710016179c0b8277bbabac52c5dd55f3e30e2765c6093453126851160eb6185fcf1f6062154ebbafa106e00000000000000000000001208fec0be6bbb32b82e06bf6068a9a94f526528e9e80155d53f44d2460db529dc90d8d5ae3e6fc5fa622844b335b865bb9d5758047b6520afc94d3d76430cd99d1d781cd69645324f2a4bd7e7a35a000000000000000000000077e9c9f406c22562957d9b515825436e569759d80e39d01839dad8193ce95f772cedd5479e5ae81c88dce3647621babb1842bde5d8c4026f1ac32057840b6c76eb11b84d07cf573d2c70000000000000000000000002c4b9be7afa0c8c5637b51e5872ee9dc03a5653ba54db5a116cc269d23d22351a09d0acb16d7154efe6de4693699bc1c81859a2190298464df5918d925435a4ae26000000000000000000000000677d23f30fd1048717280006ae9ab92bf2d0f48dc94d3c667c2b9dbcbf4c6cfdabef7274f1f600000ada7f5fd8c7a78fb690a035fdba8000000000000000000000001cdcb4cd845d0000082e0e5eb8d5cd613e25cddeb8949be75ec3c3dc45b67b6e073c7200041649afe84a6053da78ad80000000000000000000000000dde93b9f53b59b30002191cb0aa836fafd8698c292d7194589b888488df6dbcb680000006be213eaccb33e73bc7e733a80000000000000000000000001cf02ec9f52f740001c52776c608943f611a1d3d048a7f48ca8bedabda0000001c54d6d56478555228e0000000000000000000000000001b7fa4be57fa4cdb00002bca96c2809c831b79a6d81309fc285a5da25283d40000894b714f99f1fbf400000000000000000000000000039ba2969e97680071cea0a3703c3dc03cf9e314b49d7b1b3b06abb34f7000001f39e86c1af80000000000000000000000000006c35fc9f52fa44e5800adec8a208df7e3900f3c2ccc22c9cdd1ef04ea0b2e24c000002b7a7be80f9fce00000000000000000000000000001645c5f397d0266031fe6bba2963d40078627bf812d94c1674259139792500000187f31fd4ff00339ae0000000000000000000000000000645eb41d9c5b6ebc94dc2fdfc4007430fa064d9955cfcdb4ba23212660000038f9f3e84a74adc00000000000000000000000000009843f745ed8fa7d39597bf5ec00c7c8c13cc0daeab92d4f78cc80b3fd6292b0000040e635215d80000000000000000000000000001ede22d6876de1a64000f3c1c8c70003dac4ad76258f3eaef28b39aada803af30e306b79457074000000000000000000000000000001b0eb879e72071cf898bd79e000073c0dece2ab9213290478581e95d8dde91a2343a57000000000000000000000000000000073b0d7e69e806165e01c00000073c095caeaa96129383c2bad8e9400000000000000000000000000000001938dea6683c313d7c800000001cf0257ef0ee4e38000000000000000000000000000000001cf0362f3187c73c000000000000000000000000000000000000000000000191cf8fa1e00000000000000000000000000000000000000000000000e79ea0000000000000000000000000000000000000000000000000000000000000000000000000003fffc4002e1000010400040601050100020300000000030102040500061213101114203050401521223132232425336070ffda0008010100010502f871629242cc82d8f1be4c202482ca8848ebe8a0c57cb3bde918b74bff001be4d4af29a57a125cb02c737a1cad5fd2c1cc358bb12e4efc6f93149b47a38a5924beaa692afd065eaeeba6a61719a2b3a493f269abdd61300118078cc95dd0cdf9c21b8a4a782daf87c25c764a8f630c90657c7009e72d3c0657c4e16b09b3e1986e097e6e52acd2decbcad6d846901780bf15a8ae765ba9e907d99b2b3707f3282b56c253511adedbea96cc1984f093e1b5aae5cbb4db7dca88a9986b1604af95123be548ad8638313beeea192d9240f8e4f8236388ea1a541a277d8441cd8b36312249f939348c6cff000db558e60e742244279e381e77d2d2b23b7c39d0ac599f26b8eb16722f34f0ce84394cb4a82457f96bebc92df5956388cf0ae2d2475561f2b2fc8ea2a7c470b0ccb8a5e4a70bc2ff000b18e7baaa99c57c48ac8ccf15e48e9aabe5e493f3178dc88e4b3ac6e8975ae6617ecbdd16010d8aaab4e421304cf1e753e98df2f2a1b66dfcb671119893145231260143d91e214f88b0041c57c5ea1ed446a793369b76dbe5c32eccb45e69e4b39c8e6927858bd4c97e0f14e7c7d30f814130977e5330cb01f3ac9cd161ae4737c6b89e5df9bf332fcb49757e27b918db8b746b4f20b215a72b11c53bb1f9e175e10c54c366c84c7d408e4490a3252dc60256199e2b536c577cdca1336677848f68d9756d855715fda44fb7145e4b4b6ce6be399a71f87394cd20f9a2238448321b2a277afd92f2d1391108aeee7afe3d811b884a3b3735e22348cef72f24b697d6cff9a06ee3f264cfb77decf6847184e9d22ebece45454130867832fd8970ccac65c372a8b0dcaf0d303cbb5cd53d14028adeacd5c5e1509ff32ca32b5d97acd1edefcd333a6ad5f9c076836e2d6dbb1c8f676d8cd1c30cf7925486cc8c164b55b0c5665873b11a38a30fba5471ca05bd712ba4e328c46c859017048663abe5d3cc4951fbb3048fa85c1d799be74e66fd7e5299bf5fd8b8a792a62a4b32e18a47611138b88c6e1658130e9f1d304b56e0d3ce4c564cd5c2c610a7c69f0cb0a4e5106d554e8c9205281ba3a496f852c6e4233b2e65f455d5acd23f9f56bb90a9cdf4dbaecba9491e2d158961941730ccdfa8c6c3aca3a60b6b89362fc3ac2373fa8c6c75f1b0eb18c988b39b20f8ae97bedc5bd70ec63514f2433e2da362d82b8cb53b7c1d99c256f4b98de9ab3e7e5f2695cd10b64b432facade0bfacc7316448831f40c94708a35cbcad5fa11f172c910e6f68dcac7c53b64058f731f0a4a481e2eeadb611e82c9e6c3911cd9d1b6c95a5740b213d083e128ed8f1e900fb3b6cc8ff00cbe7d3bb94997192c2b32ac9745b2e16e7d8875ed593329e3fdb8e768fc22462ca3c1cb31863265cae7a4bca8b89b5b2e1e22487472088d2b02570491243640f17d5ae3629ac5b6116c63ef82e03f8e5a97d445e19ce66905143fa7d5dd3f548f9f05da25d5bb542cd515d127419092a263374afca9e22e863518de37d1baaababae3581ab6bc15e0e3cb13a8614ac3a967d7b92735ae8b274be1cb6486e2d6312be5c4903951ee22223f2e1d62d861cba5b0d16e73158bb4c2b076a99f3d1792d093506da224d8193a52a61eed2c3af5b6f500d02ecb039251d9d2d5c77da939a5a9703b51ae0471953898023b4f9760915692681cd996b1d19790dea0232a664b12488f62d58d3a1137a266999d356e5585d357ddbf4c572ea77a0ca85d43c5cb16aafad6435955972329cad4e49c6d25b82dd43ab8d22cc68f4b1c259870c9d1dd86111700b030f00b109308bcd3b0c1199b332ec43361c99350fcd30ff00cb299f76b2c156e3313511adcd45d31fd0e532f236331c2eb2b4963b99772e44e9e17172a35b0e5abd4003dd49835b16133926146c5c1aae09b06cb30dd8750cd16162d98b0c9658eb1ed88e4658eac088f2764c8ec951eb9df51a7aa9ab581c9d0f48319bcbfebe8684bb735384bab56e626351ade36aed35b24ba2beb6720a23aeca1c46bb807c35cd7276a0d88eeeaf774d99730d739d791c4d007198cbb93fd0c37edc98aed71b0e00dc7ecb46eaaea98bf549436358cc4aad872b0fcbfb4bd4dbc1c43bd8c7c0c8d22786e17a6ccaf0b1e6c15da4539fb92fd150977ab3bad0c80aea545874f5d375f6ccad8b330faa9911c0ba513c64611bdf9cd34b46ed4cc5c9766b57efe8f261b542eece04d15325bb7811bfda158f2c3551c9d85130ccfa574ef14823709dd9c19aaa6a5fb9598ce26d159e8f26174d87766d6ea099dacd281bcd8b2752c79258eb1ec844c22a2a78f32335d2e597eba5c67536a97e8e98fd3da7766c673a96af36e2605841c3b1e68981148251da19b86db330091bde1b01ef41c984d5598ba91d559fa34c569fa881db661ea2beacbb91316a4d111a9f8c473da6688f88109d21010421f1e555d89d7327a6aef4b938fb95bdd347f4cbac5c3f548c3d3ed5b375a5417448f1cb55839af36ca470bd2e4d3e8b0eebdad4b189064398e23f764f077e2eafb054c41949245e2cdecd06ba7f337a5aa3f4d63df9ba347e887fcf02e29f4bf115a48848b6232222f34f06680ef53988a47fa6a93f535ddd9d246a3a7eb813f9a877299c2a5ad7b1ad54f0491ef01c8ad77a6c987d75fdd6c7eaadb8bff982ed32f856976e5f86f03b16be9b271f6ecfb6da474b5c3ec7ff002d5d2e45e69c00fdc0f83398b4d8fa682758d318e47b7b33a48d115bfcf17ff1886ed717854bf544f067517387e9f2dc9ea2b7b3339fa8b8ec27f38a877387c2917fcfc19985bb4de9f29c9d04e3208810ea5297b0bfac523b8d1ff3e0983de88bfbf4d504d32e2177a3f0cd92366a469f8f617f78a87e999c293ff1786c19b53fd305fb65a537df867291b93bb5df75c477ed9f8522ff009f8731b345cfa7a791c868bcd17f534dd558f63979378d61b7a36299fc8fe1ce91d5b2fd3d23ff00cea8bb916fa474d543fd76157b2ba46c1f017a8ca3723d9e0cd4e61217a7a97e897545db939d647e2dfd763d79bbb2aa4ee3315123c124cd006e0ebd3fa71bb4118ec5d4aeb6cfb1ebc9bda37a8df14ed9016aab5d0652481f6aaa225849ea0b706d66f5114fff005a3fbaf6157efdd0e42c728de846088e1121cc6484ecb29bb989464001caae77a869f4c4627e3d8bfbefae97b0ec22f258f66f66073a3bf049601a4c9ee370b391bc6f529fbec2afdbc35b374775a49da17af22f3778ab66f61cad088c47149ead9fcf055e49e4ae9dc6ca4ef97d60b897f5e5ae9d8b695a5beb47fd7027f5e6e7cfff006f1ff24fe7df0bf65f7edfb389fd7bf55e6bff00d93fffc400141101000000000000000000000000000000a0ffda0008010301013f01001fffc400141101000000000000000000000000000000a0ffda0008010201013f01001fffc40047100001020206050905060403090000000001020300110412212231511020304171132332404250526181336291a1b1051472c1d1f0244382921534633553708093a2b2e1f1ffda0008010100063f02ea7730ccc57ae4aa7d68a2b55b2717ad4e63b8f936c6eac7c8451db489346c840f7bad27ce7028f29a0a6f4146edc7b8b957073af5bc06e852d9160bd66e8641e98c7ad217942de95e59c7211cca66eb37879e7dc22b8e61bb57fa69e5da4f30e65d93d692dff2c5ab3908086921291b8682a6c730eda9f2f2ebe943626b5190109685abc56733a56cba268509429973760731d612db626b5190109685ab36ad599d2b6558e293918536e092d264475efbebc2d3ecc7967ab2fe6a7a260a1c1250eac0244c98e5de1cf2be5abf7c645f48e706633ebb7bd822d59fca0002406b171039c1050b123d524913260522902f6e1ad23844db1fc3b96a7cbcbada19684d6a8432deec4e676054d8bfe5151c1d48250264c079f16ec16cbb81df9185b2e89293f3f3eb4e36a02bad174ec8990af04285dcfa8556c405ba2f79ec996d20574a66a3d6997876556f0898d91ac2f6704a13665b6161abf5817456fa6cdf7a76295670eb74756f02a1f4d9d5589882a4d9ef7eb155c4c8ecaaa44cc0e50051f9089245ede767485efab547af5ca43191ae3684113104a5359bde9ca2b3379396fd802ab88ccc5d155bdeade6025b121b46181da5563d71037380a36dcb37d1de22f0bde211317d198d4ba9927331337d79989abd98890b06d4a7736909eb8cbbe058313da969b377b4a892495ab24c7374532f78c4cb2ca5598318a3e313e4da59f3317a8b31ee9893814d9f7844a759a56f100a4cc1dabeef8964f5d6953be8b8ae236654a32020a47472dea8bdd0f0ee893551b1e422d7951ed15f18e998b1c5fc63daaa24ea5b707988acc4dbf29cc4553ea8fd202906636749737841975e530a371ec38ec8a9464044bfb51fac15b8664eb4f526202546ff00fe51591b26e8a936aef2b875e4ad064a4998869f4e0b13d84cc59d1ec8ce12e3ddbb76955be94497d3188f1405a6d076049c21d7bb24dde1d7aa6f22c87688b385f47e7b0522760e97e905e7bd98dd0c1e3a2a30da9c564911790db5f8d51ce52d23f0a62f529c3c045e71f57f50fd23d9157151829e4023de4d8624abcd1e8ac691e40c7de19b1431945459c71f23b0521279c7ae8e1bfafa1591843e9e8ceb7a6f80a499a4da35a6a5a42cf4445a1c0d4f1aa7e30102b003dd86d14569c5aa7e180ba7aaaffa69fccc5461b4a1390d7534f26b215050ab507a0acf45294b1600120c142fff00b01c6fd92bf7284db3207c46bf2483711707e70b9613ebedba31489c722a37d9b3d376b52e95f755d22b3b24ac4a60656c48501ff5291f9c5f61291e6a9c61a6f2923898f6c8f8c7b49f011cda09e31d2aa3dd80cba6f6e39e8532e8e07230a65e168c0e63380bdeea8aa25db1818536bc7e91c92f7180a4e0755d7bb58278c3d4956e1677024638880951e6d46a1e070d536ca63e50eac34a551546f04ee89b6e7ca3a67e118a8fa4734dff007473afd519611ed27e91d3f947b4f947489e022a04c84ac9e8aabf683e7a2a2ac707417947f8653c555a6c6d5a39647f5407d188c62a1c755ba2376845a7f1182dfa7702864a0603a9e8c36b26fa6e2f8ea7269dff00b10db29178fd6135db92c76d3618e669cf01ef09c7fb415ff4c429853eb5094c1c27ac149c4405a7d440524c9423de188d1658fa7a0a85512997696d596f6a0838185b4ab527e9153ce12b4e074b8f2fa2813853ce613aea8aa302b3dc053e21157794d90e511db03964bde1a556f4a16faf0105e5704ea51e903f01d09698456598fe2a6eb9e46422c6949fc2b313a23fe8e473eca827c42d115861bc405a0cc180b41b62b271de34269743bb4c6ad12ed456c1d4d8b4e46263a69b4425e4e29b0c5538e3a5ba2a715de57089a873aa15d509190ee068f9c27ca621aa73365636f928434f2705a67a39207ca1b6b7aad5404a701a8fa07480ac3888a8d0ba3a4b3808e4d916f694713aa4d4e497e26ec82aa355a43796062a5210b657928405b0b07818b2c5ef1a3fc4e842cfe736378ce10f32668508559cdb905a5e7a0938082eaad6506b7a0c21cf843a7ce5dc13ca17e861d67791778c3d4273a49bc99fcc415642716f4526d8e54f497f4d5fb850cc8ff39d1d8197184b2d894b70c4c5c6d238c5a8418e71053f38e6d60ea5579b43832509c4db0b655ee2a2b5129d39601c112a4d003c3c6cabf28e4e915d851ecbc9945669695fd994838a4cc36a829f54986decf186d79882849bef5cf4df1caa8738f5ef4dd038c139f70a466997c34354b6c736b35bf510e3a93305364151ed9f940030d44314713a53d62065e71c8b26b3c6d5ace79983d2715988ff002ee45e4ad3e91ed07ac4d0af818928d71e7178d43e7166ad579b4ad39284e15c856a3a8f870f843745fb4057a313550f8ddc60b8918def58abbd06508a3a7d8b66afa6f80060225eefd7b8827257d742eafb46efa61346279c4b957fa6124e246a127010f5395ed9eb11fe9a21486d5568a937d79c499684fc46d26308b5093e91ce515ae204a399538d1f2338fe1e98950c9c11ce5152e0cdb545e4bec1f792651825d1988ff2ee7a45ad140f78ea2d9704d2a1282d3b6bcdf36ae223ed26cf4c0b83cf087296b17dcba9e1a2a79f7171d29a3a45c7155d3c2025380d4a5286e6d50c36932ae318433f66d05f7d08fe674428c7f15f67525b4e62d8bb4809392ec89a5408f2d6ac1090ace5af4ea3f65e1ca0fdfac3496c7f9997c77c21a4745024341f2ee26d5e70dabddd08788e71008078ead2539b6afa430d19f24d26f980940aa916003473d47428e7818adf67d2dd64f84da23f8867976c76dbb62aaaeaa2685050f2d9501fdcbba7e9f9c36ea85f44ea9e3a16ac8438af3ee3695af48715804180e26c7690a9cfc84726f1bdb8e7abcf3492af10b0c57a0523941e0731f8c06bed2694c2f3222b36a0a4e6361427bc0b3fbf94255989e87d7e5dc8eb7e056bd5f1ac0869918348088534e58b16a7cc404523fba260cc6a943a84ad3928457fb39e5307c06f20fa455a535c99f126d49fd35eb78560c51559b634251fef17dc8e37e347d35e860e1cb810b5666048d5713d154724f5d793f38b86cca24e5c57ca260ed2923200fce28fe531f3d0c33e04d6f8f72519cdd5e475cac62dac2a01cf456558a4da1437404d23fbf4736b298be12a8bcda845d6dc0332362fb7e24110b4781cd1487375690e1dcac3be240d67dadea4184e69b3411bd56680da5e2d83f08bd48ffb447b4ba312718b1359599d9d3e886c91981fbf48797be521dcca6ce2d2fe5aee265261db53a10dee034869d37f71ce0a0e0bfaed394183827fbf842108361ee65b470711f31af21ed916a0c1a352a6975165e871cccea243c782e27dadfb3a152725553fbf8c21190ee6a3bbb82c4f86c3ef0a4c9f984a5437ea0875b5804113940551dcbbe130039715f2d93b9a24b8ac7b9e8eeef29b75d8a383d1158eaf1046955e5a569c951d2278ec1c6ce0a491041c4773b8cef6d5f23aefb9d9ad21c06a1868fbda5192aeeca928dd5a63d7b9d4d1c1d4fcc6b3eeef09b38c4f50c039403a50acc6c5b7372d1f4ee765e1d854e029381b7559607f31558fa6a9d0d1f2d20784cb62c3be15d5f88ffd774227d24d9aab48375bb9af2c8e97079ec5ff0076f774141364e5a8b7158204e16e2ba4a333aeea7d74bbc762f367b6823ba25e21085ef38e9520749d3576007884b4b9f8b6548464e1faf73a179185379de1a5a6060da67ea76085e474b83cf6549f333ee861df0d8627a1f7bc4a98e1b113e926c3a148f10d9354802ead354f11dd0e232b60038a2c8a42f791547aeb4b52de82ac3a12b18830149c0ec54d6f17e7977401e2b22aee5d9147a38fc6767c928de4e1c34722afe9d815aa1c52ba4bb3ba12ac8ce12a4f110b5ee1746cc292644405a7d44029c447be311ad6c59ecd38406c608c78f74f29e04c13b49f64e220292660c05a0c8c4b05e5abc9346eef39c2967d209389ee95b39aa7b6aabf667e5a2631893c2b8cf7c74e5c6265c4fa4556eeb7f5d1553d04f7c869d37371cb5aa24df57cbbec34f1fc2750ad58082b5627bf034f1fc2ad324fb34e1de12db069e3c151c8a0da7a5ff1c07fcb2fffc4002c1000010301050803010101010000000000010011213141516171811020305091a1b1c140d1f0e1f16070ffda0008010100013f21f870b30d6922e266010c3e51d952059ee549494a5c8c7882c45b8aa1ac7a79c326af9ea7e564907647281923e3f628e49aaf8722a1100371362f68f242660a8d5be123eff29cd0e0dd963a094fc784355892d1b1ef4479054c318d76a40c210389540c59645ceb5f942e38f4f332807d9801155010b42ab7e78dd4405694cbff008a76db3ca2618a19b53d9d91f9109f8082c8daa0dd20fc30a3fd7a17fcec1ce4b374620349e84e0c1f18e9200010d884318776ee881f937cd0b6905178fe90c300c00b06f32c2684d033bfc413320001041c9210374c82e418829d51c76f5bf2eff22c30c4e0b1535bdb1e03054261398fa458c0d86c3f08a428804f822a036ff1000206fd1298b5644275f967b02c0c0fcaae201a86a8fd7214e0855da3ff0051e149833cfc01f20de6c09e6652c1273fa40308e01503132264c0eddfe51c466cf93b2106810e3843e141833b146a06b6cc5e2f44716190cc1027227b98d059f63c2809449813a503b7cb734bcf2f870c8aee1b42b5928220a398595c7840059e8005680923cb7a9e22aa2bc3604b1ea61ed1f96e8d459060f81c409224106d455acc95ca9c9dbed1f680b041045877cef7407244e6ed2d24b88e024c2c00fefcc75cf765478429c4213e8588e5628253b1014f81ea034dc3efa441308f00819057eece26e412100800715b7346e353e7e610416ec2508014323884b0940d5d01c16118974291582c2d1520764dfbb19e6e8ac42b257f260053b8ec6f42492011c4260e54ecedf93c7cc0a4501a67b0c7863a5544a3d24591fc009de75505934d837ea578fe5bc22fa9f52100e0baa230323541d463e565b4ae2496a82836f7907147cbbc3634b6ae68f9d00c0d034ecfc26432725350b7fd90c1af9bceb151b84111889042b8c09a0fda1d3660d470ab6ce9a83af8f9cd1c636215344b2e368ebc0305230124a10aa02d7ebca9d82f07df68b18dd16b0389b960b8a4cfb44759383c001c3007251a56005c34f9d8a96a64e4c201ecf078006b24216a0a1922c1c1432e0f0a10567a10200081399d9d6b060a7d85e05211e07062008e22be144f688455db6341c0dc76bb8c954b871f2420c01307732286fc5a13dc748d5031f9d8749442d36216940794d4e2082d1bc7b1948649c90db66d47bd0cc87601c998b542080322fe7f1720d11d8b6f8e300c47b4e8732e5f7b320310267d213791b014c012985a971543dcdea224a8f1f77eb9008b60197cf660e2e9b556e1759ffa1a6e900250e8ea2661b334835f17a25aa86533a692ec104200641536769d02a968895edc0a1c4fde6c15070505af05d9b2b9291d6f8232113585d13881b40081e13497bea401e6a312548c611e46a8a338dc1dd6e2cb78a07de8a6cce08df6947e7bcb4128c11db2c3368f086e0d4b8624dd6938f175c7784e6070ac2ff628246450a6c312fa4608ae85029115ee285e7ad607a9018c29514d647a4940905c411453b43382fd97c3ac49fd29828e28707f050309b2d6003ca1a9db0dec505fef8171b47bdd29650a34074f2994b86624cf207d3f6fd26eb2a1c3f854f40b41f70769338d13c377d30b1ed15f280e24848ca92bc6f85810400b14a212e616708c3544b9725cee97763b82aa014b829e4c1c14fe11b2a960efe93829972022407b434dc0c426b0ccb6249fd30606fb8eaa9b0b8db59d66a53408b9d882694801808e418e8f642a74a4b164642d059fc1f68dc30c1f0b500a95c6762601c9fe850a6d900bcfdc7bd87c564160bcdc8109db9d0e56a2071bfd8740b80709bb8fa444b03fd9084e528be1b36498041dc5ca8f034caaabc1120c1666813f77324f01ee1827a06405d62952021e7bf9dae4a7d353bf84089760c0598b9d79069afac26c9b7dc5441e485240ebe953fc10b8da3639ddba9f48a1834d5c84630180dc634fdce287ac00feb1084b629c770810c438362695fcfb0289f35c913d8fa4cf4aa5a76586238560c55d8f81a25b7e668045e87d212509d0fe945a1ae763fb0d80226039286ad05659753ed3d6f1dc5933140c691c80c30a93a630a38751fc466db0ae1a23aec108ac59f8c508d50c48f6a71e47ba780dc6e0c044f06c4763123008022625e51909c449429e90e17592058b4b1833b48758759686c6cb5a1d0a7533ff00432828255928de23093fc2b17da497afd621b98923308440ceea107b26c8ba63f8ccf2748d530b2958597bd5370daf3900e8e5ea4fc802700fda2328dd83e81d3f57a656312bdd5559826e0928030c0180dc7a14bb05a7805acc1c4eb8c98e2599fb15ee804e9b3b4a08fa11b019b8ab471d7d503625dd3d509e2045e375dc35843ba781507b9e69710216e041187585815eca486ae88492e245185cfd74410d80c00b028a1a1f73722770d8e81fcd8c707d48812350a4602e9123e930ba6fbefb870d80e4ab52e7a80b3328c431a7ee5088d648baa580e8bbcc027c704de5d9485e6f7953354ff62cf441f82b19f9b7d1407547b2bc2703a3cf79c0fd37006094bca297b92ee8750888308098fecfa2a932e1ab6a753e1589c60d81d03fbe44c581fa1744e1c2345ee51c93d18a030c06037095c15d915fc0c1b810c833160b40ca338c060533825b027de163b589f71910e25592418c3b29bb67a007167f6e8a245135947d90dd617286c6e8bc7a9e4570d13ac2c7207d8e33b83063f8dd63ac48c641ddf07a6a80d41b0004c801c281dc129caa102acfe7836551976cc8fe5562740b8567401d628768842e20fe363d16a7b2d3a74e440b1857a4cc77e6c612f2602715357822fd9a3ebffb3741618133a84f841b46c82d6aa93181903ad0a1320509c0626a07828c6505b0ee58d089c49a99e46e6d5d191df3887fdd3e900fca734a20980e514c088a0fba09089208dd340357013886aaff0020d11ab92f75d5d489c38defdce2e3da776aefa6c626a01a09e48efd1f1997fa8537ad8923a2c79ca1dba00b0a31474c41a630b5cf390bb817b21a0083420eeb201846f5ef74502b267a25b1913052ccbf9c9240600c8307cef92995e12ded004501c6c3f86da482226340c839a270e241a109d191142216fa146f6820a18bdc04079e0fe1982732d0684028d253285decb40e484d36d8af2cc39b4ef3774419d89886ff00eb633557fb5425518170ee4254392894990df409acea0f088712bd1f789051882c6798c8b933c95ed480334f97de329d9717ac9fa2e363316a399d8e46a2420440adf92acc030e18d15981e7044847da354ebf48d792bdeae199f4fbf1cc385df68c8a020519468b1a06da147308a140c75f142ae0d111e786cc50c6e84233061febc9a666d5083d90911bf4809818e037a06cfb4649010431c089c998ed91f4b543ea40701045e382fb01ca0d0cf674475cb0edc9e4470f5083bc55b180f1303c1ea81800da2fa93503fb0fada047c5d0232550c887ae006ac4ea104362311c9dd8b58ea797de344cdff041e3726ac8c0eb1b64978d50e0b0c19dca97be4eec2581d4f0fbd2fb1633a077286096e7649b5b40a6b2d0fb0162e2a25600e782ccfdb2ff00393d9229656f64731c2c3baeaa4991fd1ec85837a65ac1db89c704d309ee8e50689385dbb2801013a9efbfb75ec7bdb9484f6e0e2f103a146bc9ebe873234ee853697f634f409f4b906c49dd386c8cb80edec9c10d044f5081881a88e4ed6fac35aab803ab6bf0863954f84c669dd27ca363816bedb7b778e09518335197271825914f16603edda429a87e2e64291ba4e9d9875939205c467b34b4f6e094debb1d472708828cb3460a1082843844011341255bc82f603b6ebc6e328bf30d8ff5e0cc70aab047e2c3db943a4992627e133f2b13705b5bc10b3b7601ab718c9fe1755a2b5552298e371c18c247a4a728b9612b3aa5d56268d549f18f681872dd70ddb355236ec464f8fd381643505e6e441972f7728389a892b2b88aeb702cabddf75c3a6f3df9382ab014ba28a1311c109c6587fa5bc6049800e568f06fc53c1e520c09548350a4b5dd7182cdf1f1982f8262327053689560dd4fd6e13129e181a5d992ac83305e51c372393ca7012d1f993438cee12c2513bb813b4f38af40b87120d191844202410840c208fe90d0c277453f5b0273d90f2f1ab7ec4e16231369e540e01081b8c36fe13dc41f665bd636fa39582c50911b9a0470826e8942f8dcca5cbca3bb274e586e3d36bc9e2bd9113c1d8604a96ec711bf969d46bb49838c67223782ac254ae1772e261e9b49cfa71c91392e71e5c0b140b8844b07464f3e27ca89b3f3f3904701cfcd84745c3fe0260ffecbffda000c03010002000300000010f3cf3cf3cf3cf04d3cf3cf3cf3cf3cf3cf04c3cf3cf3cf3cf3cf3cf3cf3cf2043cf3cf3cf3cf3cf3cf10e3cf3cf3cf3cf3cf3cf3cf3c03ce3cf3cf3cf3cf3cf3cb14e14f3cf3cf3cf3cf3cf3cf2cf3cb00e3cf3cf3cf3cf2473cf2c73cf3cf3cf3cf3cf3cf04f3cf3c234f3cf3cf38a04f3cf28d3cf3cf3cf3cf3cf3cf18f3cf3cf3c238f3c920b3cf3cf38d3cf3cf3cf3cf3cf3cf3853cf3cf3c920f08e34f3cf3cf20f3cf3cf3cf3cf3cf3cf38c3cf3cf30a00434718f3cf3cf14f3cf3cf3cf3cf3cf3cf3c334f3cc2c308120c28e34f3ce3cf3cf3cf3cf3cf3cf3cf3c528000a20600100828b0c000c1cf3cf3cf3cf3cf3cf3cf3cb1401c53823c53873021820041cf3cf3cf3cf3cf3cf3cf3ca2c20840063880c730728b0cd3cf3cf3cf3cf3cf3cf3cf3cb1491801493cc08c20918c2c63cf3cf3cf3cf3cf3cf3cf3cf2cd0000410c93012400002033cf3cf3cf3cf3cf3cf3cf3cf2802000442480c000000c0cf3cf3cf3cf3cf3cf3cf3cf3cf1c10c330a2c008b0c30c314f3cf3cf3cf3cf3cf3cf3cf3cf28630c3011cf10c30c30700f3cf3cf3cf3cf3cf3cf3cf3cf2c80003c320608000000d3cf3cf3cf3cf3cf3cf3cf3cf3cf3c03cf28800630d3cf3cb3cf3cf3cf3cf3cf3cf3cf3cf3cf3c33cf38000f08b3cf3cf34f3cf3cf3cf3cf3cf3cf3cf3cf3ce1cf2820090803cf3cf0cf3cf3cf3cf3cf3cf3cf3cf3cf3cf08f0400070043cf3cf3cf3cf3cf3cf3cf3cf3cf3cf3cf3cf08c18000f3043cf3cf3cf3cf3cf3cf3cf3cf3cf3cf3cf3cf2cc20000f3883cf3cf10f3cf3cf3cf3cf3cf3cf3cf3cf3cf2c300034f3c710f3ce3cf3cf3cf3cf3cf3cf3cf3cf3cf3cf3cb00414f3cb14810124f3cf3cf3cf3cf3cf3cf3cf3cf3cf3cc0053cf3cf3c30413cf3cf3cf3cf3cf3cf3cf3cf3cf3cf3cf0073cf3cf3cb2473cf3cf3cf3cf3cf3cf3cf3cf3cf3cf3cf3cd3cf3cf3cf3cf3cf3cf3cf3cf3cf3cf3cf3cf3cf3cf3cf38f3cf3cf3cf3cf3cf3cf3cf3cf3cf3cf3cf3cf3cf3cf3cf1cf3cf3cf3cf3cf3cf3cf3cf3cf3cf3cf3cf3cf3cf3cf3cf3cf3cf3cf3cf3cf3cf3cf3cf3cf3cffc400141101000000000000000000000000000000a0ffda0008010301013f10001fffc400141101000000000000000000000000000000a0ffda0008010201013f10001fffc4002b10010001020404060301010100000000000111002131415171618191a110203050b1c140d1f0e1f170ffda0008010100013f10fc3491ac2d0f0d57854011942ee36c701cff0029d7200e20e23485e94192845f2e0e8fb1c6008f8a5be4716a688b33cc2eef7aba1725e31fb8fca82cc735b9faa5149d26163164da934b8a089f0e797b084d41346315d6cc8cb7270a836bbac312d924c696a3636566ea00737ccfe51a3b4862d923bd2a52e92c5633a4d833855851045fc4dc6081a82862e5ec13c74a52dfb82fc0680400040160a18ae12135a76b871026ef0904733f28038e09616e1e41cdc9a304680105afab4669620c012d3ca59383c3f3cc62972b30152c408242f8f22c380788716833590d1184da985b200c458e5f90c98a12eafd51220215dcbf2303fdf18766904a7d8c9e0b4f2d064207e3f3429ac534dba637e6e070973a0f2200851979a22d8a4489353f19601015d68f44296f2e9c5d6a3c52a436a80c3766e1b527e6460890b692eb9b427850a021d00100700f2a5450ba912bc433e26795e9c1bf0c41a8e67e224c282956864a5d093970e39e56c4f94112d01223647853061191bca6d9708c51a4fca6da4e91cf401776a346412085e2eee590079d26a1cb94623e4d736f4ea416cd9d4fd65f84c1da315fe150c0d208d869c59ed478200800803ce0ae28c9ee10fea9b060a7c80173f7f957a4c12e39072919a607a210ec588bba8e5c59e74dae12208e8327b397e03dd249cb3aafd62d44169c10be83fea8e280180111e828a962edc02f2e809fca5d1ea64a60f34949a4990cc70f4813e444a4d0cca094a604b89c9c31290f50268248fa436fa71c0a6d49085d359ee74a0f4508a80bae94f2ba21926b3c87e54d4978f9acdbb80f3f4cd325c2cba8e4d5a9378770c183c694678311d4732a3d1657712cb4a826e5b7abcdc287408108f01a1c283d2bd7ea6785fb72ad1f97205839723e4ea7a8658e0a414625e6e3c458c772a5ede2e03c3477a5cf284211f345044ade080e0fb68f4e0c0253417fe144172662baae6f1f4dab679c1c6113ce7ca9fcb142125ed20ee479d29f512748acb2c3b0dc9c272a50dbe2c1df537ab12d93638e2e951e11441525edbb66f2ab0697b84e81de9da70c45871a1c231a35a6050069ea342cedd0b0a7e29cbf3114c8d18b0af28299d9310cc6fea1b2a00956c149a99c600c9c262f4da6283e570ac46983f6c1f353c84ccf4de246b7dc897eaa35d36287403ceac40b8236d8bb411eed1113be9590ba164b06261250c4693913d416b004ae414cd3130661386c1072fcd38e02132c025fe07d31c292b8029e1b2191c57f8d74a08ac42dae3abc6a19e6143de45eb576d9b8ee2977f13eeb899779f757849a0fba1c9d1a7e134ca218dc3d30e9462697149c9c4de865b6ca6e51c1e1401ec344744c9a1f4ae086739d1dc9f9a359420d60ba86f072287d12552832ff006aeb024c989c2f8e94f9ca67f963cc6c1052f1f234b508423458c88851c619525de36b25d1e3e959bad06e3dcdeefcea2e04f2493e291125b29cadc0272f40750d4300153264176d6e17f63534d25e342d3191a79c41651033f2968b3190544d9d68e3da9183c5e07fb3a2470c3facfa01192460062d4de927701d65f9bf9d6d5c1d949dc8e758a7531786c1b3d46867ccb151431297591e2b4e3ac932303c0cf5a202b108c83fd54e86d8cd928929c5d33782c522cac0586d31b3150aff00d615f82bacefb39a8b0f8a874977a1cb8d71d042a4cf5354eb379e6340214880e09d8cf13c64913c82d1f757e655b1232fd940a8c5e0f1028c1e7c902b6e62fe0c14c03a09b7e728ac4f3c26fdaa20c0c213742e3d942a19148848f4f310f04f8a9b9890a09954b997202eb95049a20dee6353cba45d89ae57cda7176582bc2c163696f45bbe20c9d5715e2d47917c269a405cd039262255ec4e2c1c7e0c139e1e0c2e2d977293880eb4236d91b8387fb441285adb51f250c112531b11b8c1e279969674f4724c8f5e7a2a0c8b64b4183b1f9c5620ec05d600fbe552911ae6f295b11c879522c009572a8b297735d1004c869673610a527dc081e4877a8111a414078246cbfc8b5daea1dab2b707d053630c042e44ad4b12b952eb8d35e62cf946a75f9a92ad30b030d6dad332cd25d58063adc17b60dea63d524854e95cf3a70204a8cf35c1a69eec14b1c1e4daaea561d817e1173fda3be01b31f29a5b4c8857ec4bb152485890584f11c09de96b8e7f9e00f0c1332c3a34ba2f828be01c5bd29f241b58b11f93873a8d5a8a5d286e3059348c228249c95ae605cafe5fea972c68e7cc54993b02676fda9248b227a176946b313b9c5272b7fd747eebf45289630907a814a39da5858ed6bf268b3aa14308d045c25d6e138eb4de974444d2e27356673c4a05942c2ba6b0fd0dea4bad5947604cf2f88f2a8cca50212fd96dd28006132707e6c1bb478b566696a64237045448c23d8880573bd2fe78411b5a488d9a3c16d03ad23a91cca32ec789610976753c499c092ae0502702838c50e63f0a9a1220b98876fa2a1978af9b26c6fa8d34baf07cdd8ac027617e6a4d468c7929c50e54eca4655667c4f05ca66992a310b7359c7dd30e8a388ff5a87447097075383e1635f2ad7c663376c4a8573e06a6e2089d484a30ae22e238d15e3c5b93839e5ca9a3c28cc08bed0b3bf0a4c24bac70f14c2389b0486eb073a993466e0ca06d81ca8f40005a0e06d73d82fd585cee3b4d04e39e3318e74c19c9b392eb0723c6de917284377d2dceb0518b8ec391f5538b781d3f83af90c87da0f0e8836723393006afcd3cec0945d010b75bd00b7c260e4876a8194249c7974d11d190d6f0738a956e0c7ee32a280691311d1327854d33f2cc5c2802609197f568d214bdd8aecb3cd4131adc6cd5acb4590eb039b2e66255fa45b3719f37cd206546284a5727e680076cd0ca1f97882d3801c1ed77bea78c9ba5c64f248379ab8330ee29fa3d827860bbb07ed58c651d849d92815400a209390eeac1cd4336fa83272f0d5242084047761c9a987ad496ebc8b50e53c990792f82c263800dc139d5ccf092eb5d5d0762f56008209d72d340b156f16c6042af353cee6c64b76ccba0d3c988b8e33718cd3b5344d5900f498e54188ed00d2432ab8a16eae713538d5b1e18d065a716c96c060e6e886aa900a231354648d935ab636caf89d6cff2937dd15633eca3428e1b0dc00baf4a52ce2570f1d114e3486ec993583e0d1309c61380f90fb05a1c81d12f44ca625c2a0ce13bf18fadb65a9d84bae84859430c71a3ea0c0e8134fc9b9764227a8a2acd76265c0fdb7e47915ca7d319649d81384dbe070311eacfab18bb1814eb42fc4a0a9a03a05eb2d460bb8c23e1ed528d4e00dc6e51e23838d21b496abc358703cc03811401032c08ed7e0559530548d642af4a8d0e4228d916f0bc5e2ae268308b5c58647289bdd02242325923b3f74c1cd9c44400eebb3476300baa5bea9a4c685b915daf8357e9c485c3e85a01b41ce92faac74fbdd67d858e12317384edf3428510782acf5433fe2896026d8dc472a9679fc485e6dba50e6080580c3c8301f65ecb6eb3c5b52a1243138a0736438115af0b80bbb1e54edca6b25ba55e2dc34eccf6a829dd0b1ea524dcb8aa746a0c0704766c2fd668a30e3f496eb1431ec91247ca90110f4405421cc855e52b113909410c09765b4ab86f73542d229b48643b92f269825a246508b76a9d0a864619e6b8a8434c3a00b074a9e82c48c540f69a7d8784087527cf824764884a96ec8db58a47f0a26ec8f621e9a20d0c2d8132b9fc0f24eb5f4c04b50a0b41ddd0136b12ed39c5121c084a6286a646017722a05f04d0d577e4406547f92a970271153daa57609175a2d49633890773dea55c401bf058a47122b918dc968f433075042f7a1886c6c7360ed4f025728b3d0a398f308b613de8f141f74182961a230cf0a9d686c4bc27913ceb323281965c83cca762519b81b9a3db514d582ce133b8a7d85833101dcbe13405784928ca32e34c983305848b0d06c143a463641e46c5082625f4661f8b02133194a729a0cc4d11bb732ce4695612b025bb01deac4b8464e9225c9a34a57021e654953e0d02012388e74b1409090dc26a37a0f2ad3c24368871c69112112184c9b0452190ff00811d7c25548be33b07b14e562362e7cd5ea966b8843dca49a31b9b8d81d9d5d6a3c8d8d00eaab768c30e00e980eba51ada0502b005239694c0c48faa5dd4d254c44684427396b71a58a71b4ef6a3107648c8e7280746b7e58237d3d21baa28cc51d8d0657b32c1d83bd147843a5a6af048b3b59f4fb1202a1191d2867e42d433fbf380d02c9020e6a1584c12dda31ce5a4416fb98dee3f3e33e0f1facb0bdd6975c991b2f636d10029a2c7a1d0b1c468d64cc80fa0b23c3ec5d0e8184e3b20d144da17d456d4eee514eabec454d39348de09f9f3a888b50e202f2b6b0a3346102f734f35b2d897138982709a9e5499943fb8f5a01c327226fe48a387f023724a189690bc3a91dc8a08b1b37fad360868b424a2371d7cd09f583f454d733374dc23dcf09a70de1bc0ae563afb24e5bc09ca2767c0454545454504067570257d4d3e867b2dbb453e2230c749e0d696e440753fa2a50b366ede5972a80930a5cafa73a044d3243d3c23c2290e3451003408a8a8a8a8a8a82300b1fde0d4ef347840f098a82f2b03b77fb233292d3fdc50a9a9a9a9a9a1da5b3a8aac72443046fe0aaad591c171d385479fc93e8bc6809c14a2476a9141652d3b983400c3f226e65bb5624f9c4778a18fbfd597915353535353535353564a620d55c77a5c98dfc6bcd309602eba53a22cc5e306de279fb2615608a311a09a167198881d47cca5e76064f7050a619cf81fa474f09b3033b37ec239d0c0c64969e3ac378210d89d76ac15f300f7a8e643814c0d801838d5a98be38d8c0e941e8931709094e80bb1661d1c9a17315197d4d34aa555573f65493c0a6f087bba7cc28c95a750a7b9b1146f8fc54d3c1039dfa0eb455fa45f0c6861000ab1d1fe4d0b30ba1b42e7527b7a82b948c600275173a10ea9cb1927d83cda532f657835a138913bbb6a7cad3208f4412895e01cc1a75ba0b8866e2183994895c570130760f144924320c253e608c083083d78f5ab1bb4a936706a7d169c28462ca6eb6297da9d8735fa0f665b048e62e7ca69925c383ad454545454524d1612fc81651c802999955f352f2f1dd2435797b0430a3cee50e0e12c0e98d1c526d510782afa0e5ce8b3c92248f845454545454545447cb13000ee5114b5b000faf662a5921e2cc17c83e65157e6054b2fd9280e5623c661d0507fcb6f887b986e2385d262395603dc03d851e72ac469ce43eea75cecc9187d98c681093c33c17679f4d7596f4991706ee7e43b026aedc1276ff4f1b910df4bbc560f46f6215c8fb384980a73b1eca9e520ccb0627e84a7cd16275f29362617719a2c004367c189e1a0e91421e6268a5fbfa0d394810bab07b3ecf78a1bdb1940e6939d40a14598927970878474a2790d23b9c4be45d00a6af4ddde023ebc66265d8c993e7d0682615262e08e93f0a7d9a6b54f2312e1dc4f23563a6e489097a93951e457714f0293976b9ff5e28e4c1e70faf46021369ae44bda7da0b434532315d3dfc81cc57ac108fd56fde6085f9f2d87567c3824f783f0788bb943d9f442592a31453ee98bc348d13d9f0ac0ae102cf87ad0e4640646cf7f1b42ec27eb873a8a78bca803c090501665210f8f137750ecf478b5ac130b6814768f67cd636341bf6a2934172cff0021ebe0d6145e0da59ea0eaa300c011e5df2b6de1702041bafda680152241dfc38c8ea21f5e915a20b0b237e67da0925e3045f0538a264331c29d70251c0299147e16b1f847964bc20dfc4ab87f3c0c5d3e1f034b06f89fa5e9e92aab585865278a1ed0161865a090f73bd5c1ef2c61fa5b954a5ae8625bc71057954e6bb796d2dde4b14847a19723da6a4c41352e549b4206a66732d45b01733127d058a409264256181a2dcd9f68929bd349c4ee77a8e58b6cd8c7f639d6284406f00cfcde8a8ee976fe592e5307906b1ad7c2ff00b8c368f02b3125971d7edd68f335754c33c2f850978f25c552f407da27161918d99a5c15b264d91a7cde4641b3afafcb3d9bb679a38c5fc32a4002dcc679b674a173c2128b28e036874707cc2bd4458029204c8a2d3cd6ff001436be9138afd1f2fb48b5bc65ba3075b505bcb5978b77cb01842fbf9e5de01ba87128271c0ccfdd3407e38899899946241afaef1d454f8812b22f7a0bc542a27a3f9350c6993cfc0fed1a90e96b96ef7f696096d7a00b9d4a712f902672134acf367ce534d9b837e1386a51138294a64a49692508f06a1dbda7837cbb2a48de5ace6dbbd28b32d3ae52a2dac127aee47028ff00795621dd830fec3dab8d085080d083c9059d7a3353cd2611d6fe46de6c333051be6bbb81ce9f6a887466940e627c921a58f4dc26d3c346fc3e455602d99300a9574e4c8641c0f6cdbbe2e159de9679fa6359cdb238e8df0f5f0422a0095700ac50a23d6fd387b6fc3bc78e4cbea8c5632c916b990bf0f5a94b4c8e6fc9f8a7db776f8b66fac9a60f4c552bedd10e8cd103989a9ad22d291d6fefd186a8a90d853efdbac92ba85f7f9cf1876ae501efe5236321ff00b2ff00ffd9, 'profil.jpg');

-- --------------------------------------------------------

--
-- Table structure for table `umab_dega`
--

CREATE TABLE `umab_dega` (
  `id_dega` int(11) NOT NULL,
  `dega` varchar(50) NOT NULL
) ENGINE=InnoDB DEFAULT CHARSET=latin1;

--
-- Dumping data for table `umab_dega`
--

INSERT INTO `umab_dega` (`id_dega`, `dega`) VALUES
(14, 'Mjeksor'),
(17, 'Juridikor'),
(18, 'Edukimor'),
(19, 'Shkencor');

-- --------------------------------------------------------

--
-- Table structure for table `umab_log_perdoruesit_paramodifikimit`
--

CREATE TABLE `umab_log_perdoruesit_paramodifikimit` (
  `id_p` int(11) NOT NULL,
  `nr_identifikues` int(12) NOT NULL,
  `fjalkalimi` varchar(50) NOT NULL,
  `emri` varchar(50) NOT NULL,
  `mbiemri` varchar(50) NOT NULL,
  `emaili` varchar(50) NOT NULL,
  `nr_telefonit` int(15) NOT NULL,
  `r_nr_identifikues` int(12) NOT NULL,
  `r_fjalkalimi` varchar(50) NOT NULL,
  `r_emri` varchar(50) NOT NULL,
  `r_mbiemri` varchar(50) NOT NULL,
  `r_emaili` varchar(50) NOT NULL,
  `r_nr_telefonit` int(15) NOT NULL,
  `data` datetime NOT NULL
) ENGINE=InnoDB DEFAULT CHARSET=latin1;

--
-- Dumping data for table `umab_log_perdoruesit_paramodifikimit`
--

INSERT INTO `umab_log_perdoruesit_paramodifikimit` (`id_p`, `nr_identifikues`, `fjalkalimi`, `emri`, `mbiemri`, `emaili`, `nr_telefonit`, `r_nr_identifikues`, `r_fjalkalimi`, `r_emri`, `r_mbiemri`, `r_emaili`, `r_nr_telefonit`, `data`) VALUES
(14, 7, 'dd', 'Dion', 'Islami', 'asd@asd.com', 45111111, 9999999, 'dd', 'Dion', 'Islami', 'asd@asd.com', 45111111, '2021-01-13 13:23:55'),
(1, 1243105354, 'dion', 'Dion', 'Islami', 'Dion.Islami.si@uni-gjilan.net', 45250905, 1243105354, 'd21da5a1698c3ff9b9a0837ea7ea2c6b', 'Dion', 'Islami', 'Dion.Islami.si@uni-gjilan.net', 45250905, '2021-01-13 16:37:41'),
(1, 1243105354, 'd21da5a1698c3ff9b9a0837ea7ea2c6b', 'Dion', 'Islami', 'Dion.Islami.si@uni-gjilan.net', 45250905, 1243105354, '982c500a206551c665f746cc9e77a961', 'Dion', 'Islami', 'Dion.Islami.si@uni-gjilan.net', 45250905, '2021-01-13 16:39:28'),
(15, 1999, '754c7d5dc008519b93589006857a5fe0', 'dion', 'islami', 'eda@hotmail.com', 123123, 1999, 'c1cf01e97872427ced3cc4d2b5410705', 'dion', 'islami', 'eda@hotmail.com', 123123, '2021-01-13 16:45:41'),
(1, 1243105354, '982c500a206551c665f746cc9e77a961', 'Dion', 'Islami', 'Dion@gmail.com', 45250905, 1243105354, 'f7bd6daf3a145f4edaebac12444e2564', 'Dionnnnnnnnnn', 'Islami', 'Dion@gmail.com', 45250905, '2021-01-13 17:10:56'),
(1, 1243105354, 'f7bd6daf3a145f4edaebac12444e2564', 'Dionnnnnnnnnn', 'Islami', 'Dion@gmail.com', 45250905, 1243105354, 'cf5877360998a47ab4a7c034c5ee6d2d', 'Dion', 'Islami', 'Dion@gmail.com', 45250905, '2021-01-13 17:11:11'),
(22, 123456789, 'admin', 'Admin', 'Admin', 'Admin.Admin.st@uni-gjilan.net', 45250905, 123456789, '21232f297a57a5a743894a0e4a801fc3', 'Admin', 'Admin', 'Admin.Admin.st@uni-gjilan.net', 45250905, '2021-01-14 00:00:48');

-- --------------------------------------------------------

--
-- Table structure for table `umab_log_perdoruesit_pasfshirjes`
--

CREATE TABLE `umab_log_perdoruesit_pasfshirjes` (
  `id_p` int(11) NOT NULL,
  `nr_identifikues` int(12) NOT NULL,
  `fjalkalimi` varchar(50) NOT NULL,
  `emri` varchar(50) NOT NULL,
  `mbiemri` varchar(50) NOT NULL,
  `emaili` varchar(50) NOT NULL,
  `nr_telefonit` int(15) NOT NULL,
  `data` datetime NOT NULL
) ENGINE=InnoDB DEFAULT CHARSET=latin1;

--
-- Dumping data for table `umab_log_perdoruesit_pasfshirjes`
--

INSERT INTO `umab_log_perdoruesit_pasfshirjes` (`id_p`, `nr_identifikues`, `fjalkalimi`, `emri`, `mbiemri`, `emaili`, `nr_telefonit`, `data`) VALUES
(14, 9999999, 'dd', 'Dion', 'Islami', 'asd@asd.com', 45111111, '2021-01-13 13:56:00'),
(1, 1243105354, '982c500a206551c665f746cc9e77a961', 'Dion', 'Islami', 'Dion.Islami.si@uni-gjilan.net', 45250905, '2021-01-13 17:05:36'),
(1, 1243105354, 'cf5877360998a47ab4a7c034c5ee6d2d', 'Dion', 'Islami', 'Dion@gmail.com', 45250905, '2021-01-13 22:53:21');

-- --------------------------------------------------------

--
-- Table structure for table `umab_log_perdoruesit_pshtimit`
--

CREATE TABLE `umab_log_perdoruesit_pshtimit` (
  `id_p` int(11) NOT NULL,
  `nr_identifikues` int(12) NOT NULL,
  `fjalkalimi` varchar(50) NOT NULL,
  `emri` varchar(50) NOT NULL,
  `mbiemri` varchar(50) NOT NULL,
  `emaili` varchar(50) NOT NULL,
  `nr_telefonit` int(15) NOT NULL,
  `data` datetime NOT NULL
) ENGINE=InnoDB DEFAULT CHARSET=latin1;

--
-- Dumping data for table `umab_log_perdoruesit_pshtimit`
--

INSERT INTO `umab_log_perdoruesit_pshtimit` (`id_p`, `nr_identifikues`, `fjalkalimi`, `emri`, `mbiemri`, `emaili`, `nr_telefonit`, `data`) VALUES
(1, 1243105354, '982c500a206551c665f746cc9e77a961', 'Dion', 'Islami', 'Dion@gmail.com', 45250905, '2021-01-13 17:06:54'),
(2, 123123, 'c1cf01e97872427ced3cc4d2b5410705', 'Eda', 'Islami', 'eda@hotmail.com', 10101, '2021-01-13 17:40:46'),
(3, 1999, 'c1cf01e97872427ced3cc4d2b5410705', 'Qendrim', 'Islami', 'Dion.islami.st@uni-gjilan.net', 45111111, '2021-01-13 18:12:32'),
(4, 1243105354, '982c500a206551c665f746cc9e77a961', 'Dion', 'Islami', 'Dion.islami.st@uni-gjilan.net', 45250905, '2021-01-13 22:53:44'),
(5, 1234567891, '982c500a206551c665f746cc9e77a961', 'dion', 'dion', 'dion@islami.com', 123123123, '2021-01-13 23:09:07'),
(9, 1234, 'dion', 'Dion', 'Islami', 'Dion.islami.st@uni-gjilan.net', 44178239, '2021-01-13 00:00:00'),
(10, 7, 'qeqa', 'Qendrim', 'Agushi', 'Qendrim.Agushi.st@uni-gjilan.net', 45616161, '2021-01-13 12:20:31'),
(14, 99999999, 'dd', 'Dion', 'Islami', 'asd@asd.com', 45111111, '2021-01-13 12:27:50'),
(15, 1999, '754c7d5dc008519b93589006857a5fe0', 'dion', 'islami', 'eda@hotmail.com', 123123, '2021-01-13 16:41:23'),
(16, 123, '9fa9f90cdace9b596e5f3641688045dc', 'endi', 'islami', 'endi_m@gzohu.net', 123222, '2021-01-13 16:43:00'),
(17, 44250905, '8c1de379697fa32dcca5724eea7676a2', 'Endi', 'Islami', 'endi_m@gzohu.net', 30303, '2021-01-13 16:47:23'),
(18, 7, '982c500a206551c665f746cc9e77a961', 'Eda', 'eda', 'eda@hotmail.com', 11111, '2021-01-13 16:50:19'),
(19, 123, '4b69c34d947b38aaed3bd7f22761f3cd', 'Qendrim', 'Agushi', 'Dion.islami.st@uni-gjilan.net', 45111111, '2021-01-13 17:03:07'),
(20, 45250905, 'c45704f70f64ef082ae642b4a54ac0ca', 'barani', 'mustafa', 'baran@mustafa.com', 44700700, '2021-01-13 17:04:26'),
(22, 123456789, 'admin', 'Admin', 'Admin', 'Admin.Admin.st@uni-gjilan.net', 45250905, '2021-01-14 00:00:09'),
(23, 1243105354, '982c500a206551c665f746cc9e77a961', 'Dion', 'Islami', 'Dion.islami.st@uni-gjilan.net', 45250905, '2021-01-14 00:01:26'),
(24, 1111111111, 'c1cf01e97872427ced3cc4d2b5410705', 'Eda', 'Islami', 'eda.islami.st@uni-gjilan.net', 45900900, '2021-01-14 00:02:40');

-- --------------------------------------------------------

--
-- Table structure for table `umab_menyt`
--

CREATE TABLE `umab_menyt` (
  `id_meny` int(11) NOT NULL,
  `meny_emri` varchar(50) NOT NULL,
  `meny_linku` varchar(100) NOT NULL,
  `moduli` varchar(50) NOT NULL
) ENGINE=InnoDB DEFAULT CHARSET=latin1;

--
-- Dumping data for table `umab_menyt`
--

INSERT INTO `umab_menyt` (`id_meny`, `meny_emri`, `meny_linku`, `moduli`) VALUES
(1, 'Ballina', 'ballina.php', 'ModuliAdministratorit'),
(2, 'Dergimi Ankesave ne Bibloteke', 'Ankesat.php', 'ModuliAdministratorit'),
(3, 'Perdoruesit', 'Perdoruesit.php', 'ModuliAdministratorit'),
(9, 'Ballina', 'index.php', 'ModuliPerdoruesit'),
(10, 'Dergo Ankes ne Bibloteke', 'Ankesa.php', 'ModuliPerdoruesit'),
(12, 'Ckycu', 'ckycu.php', 'ModuliAdministratorit');

-- --------------------------------------------------------

--
-- Table structure for table `umab_perdoruesit`
--

CREATE TABLE `umab_perdoruesit` (
  `id_p` int(11) NOT NULL,
  `nr_identifikues` int(12) NOT NULL,
  `fjalkalimi` varchar(50) NOT NULL,
  `emri` varchar(50) NOT NULL,
  `mbiemri` varchar(50) NOT NULL,
  `emaili` varchar(50) NOT NULL,
  `nr_telefonit` int(15) NOT NULL
) ENGINE=InnoDB DEFAULT CHARSET=latin1;

--
-- Dumping data for table `umab_perdoruesit`
--

INSERT INTO `umab_perdoruesit` (`id_p`, `nr_identifikues`, `fjalkalimi`, `emri`, `mbiemri`, `emaili`, `nr_telefonit`) VALUES
(22, 123456789, '21232f297a57a5a743894a0e4a801fc3', 'Admin', 'Admin', 'Admin.Admin.st@uni-gjilan.net', 45250905),
(23, 1243105354, '982c500a206551c665f746cc9e77a961', 'Dion', 'Islami', 'Dion.islami.st@uni-gjilan.net', 45250905),
(24, 1111111111, 'c1cf01e97872427ced3cc4d2b5410705', 'Eda', 'Islami', 'eda.islami.st@uni-gjilan.net', 45900900);

--
-- Triggers `umab_perdoruesit`
--
DELIMITER $$
CREATE TRIGGER `perdoruesit_Modifikim` BEFORE UPDATE ON `umab_perdoruesit` FOR EACH ROW INSERT INTO umab_log_perdoruesit_paramodifikimit
VALUES(
    OLD.id_p,
    OLD.nr_identifikues,
    OLD.fjalkalimi,
    OLD.emri,
    OLD.mbiemri,
    OLD.emaili,
    OLD.nr_telefonit,
    NEW.nr_identifikues,
    NEW.fjalkalimi,
    NEW.emri,
    NEW.mbiemri,
    NEW.emaili,
    NEW.nr_telefonit,
    NOW())
$$
DELIMITER ;
DELIMITER $$
CREATE TRIGGER `perdoruesit_pshtimit` AFTER INSERT ON `umab_perdoruesit` FOR EACH ROW BEGIN
    INSERT INTO umab_log_perdoruesit_pshtimit
VALUES(
    NEW.id_p,
    NEW.nr_identifikues,
    NEW.fjalkalimi,
    NEW.emri,
    NEW.mbiemri,
    NEW.emaili,
    NEW.nr_telefonit,
    NOW()) ;
END
$$
DELIMITER ;
DELIMITER $$
CREATE TRIGGER `umab_log_perdoruesit_pasFshirjes` AFTER DELETE ON `umab_perdoruesit` FOR EACH ROW BEGIN
    INSERT INTO umab_log_perdoruesit_pasfshirjes
VALUES(
    OLD.id_p,
    OLD.nr_identifikues,
    OLD.fjalkalimi,
    OLD.emri,
    OLD.mbiemri,
    OLD.emaili,
    OLD.nr_telefonit,
    NOW()) ;
END
$$
DELIMITER ;

-- --------------------------------------------------------

--
-- Table structure for table `umab_tedhenat`
--

CREATE TABLE `umab_tedhenat` (
  `id_tedhenat` int(11) NOT NULL,
  `titulli` varchar(100) NOT NULL,
  `pershkrimi` varchar(1000) NOT NULL,
  `dosja` varchar(255) NOT NULL,
  `pamjafaqes` varchar(100) NOT NULL
) ENGINE=InnoDB DEFAULT CHARSET=latin1;

--
-- Dumping data for table `umab_tedhenat`
--

INSERT INTO `umab_tedhenat` (`id_tedhenat`, `titulli`, `pershkrimi`, `dosja`, `pamjafaqes`) VALUES
(4, 'Uebaplikaconit per Menaxhimin e Antarsimeve ne Bibloteke (UMAB)', 'Per te kaluar nje vitete mbushur me ngjarje, antarsohuni ne bibloteke', 'images/biblotekaheader.jpg', 'kokaFaqes'),
(5, 'Adresa', '<p>							rr.Zija Shemsiu pn. 60000 Gjilan							<br>							Tel: +381 280-390-112<br>							e-mail: info@uni-gjilan.net							</p>', '  ', 'kembaFaqes_Adresa'),
(6, 'Linqet e Shpejta', '<ul class=\"alt\"> 								<li><a href=\"https://www.uni-gjilan.net/\">UKZ</a></li> 								<li><a href=\"http://80.80.173.124/\">e-Learning</a></li> 								<li><a href=\"http://smu.uni-gjilan.net/\">SMU</a></li> 							</ul> ', 'images/ ', 'kembaFaqes_Linqet'),
(7, 'Rrjetet Sociale', '<ul class=\"icons\"> 												<li><a href=\"#\" class=\"icon brands fa-twitter\"><span class=\"label\">Twitter</span></a></li> 												<li><a href=\"#\" class=\"icon brands fa-facebook-f\"><span class=\"label\">Facebook</span></a></li> 												<li><a href=\"#\" class=\"icon brands fa-instagram\"><span class=\"label\">Instagram</span></a></li> 												<li><a href=\"#\" class=\"icon brands fa-github\"><span class=\"label\">Github</span></a></li> 											</ul>', 'images/ ', 'kembaFaqes_RrSociale'),
(8, ' ', '<ul class=\"copyright\"> 							<li>&copy; Untitled</li><li>Design: <a href=\"http://html5up.net\">HTML5 UP</a></li> 						</ul>', 'images/ ', 'kembafaqes_copyright');

--
-- Indexes for dumped tables
--

--
-- Indexes for table `umab_ankesat`
--
ALTER TABLE `umab_ankesat`
  ADD PRIMARY KEY (`id_ankesa`);

--
-- Indexes for table `umab_antarsimet`
--
ALTER TABLE `umab_antarsimet`
  ADD PRIMARY KEY (`id_antarsimi`),
  ADD KEY `id_dega` (`id_dega`);

--
-- Indexes for table `umab_dega`
--
ALTER TABLE `umab_dega`
  ADD PRIMARY KEY (`id_dega`);

--
-- Indexes for table `umab_log_perdoruesit_pshtimit`
--
ALTER TABLE `umab_log_perdoruesit_pshtimit`
  ADD PRIMARY KEY (`id_p`);

--
-- Indexes for table `umab_menyt`
--
ALTER TABLE `umab_menyt`
  ADD PRIMARY KEY (`id_meny`);

--
-- Indexes for table `umab_perdoruesit`
--
ALTER TABLE `umab_perdoruesit`
  ADD PRIMARY KEY (`id_p`);

--
-- Indexes for table `umab_tedhenat`
--
ALTER TABLE `umab_tedhenat`
  ADD PRIMARY KEY (`id_tedhenat`);

--
-- AUTO_INCREMENT for dumped tables
--

--
-- AUTO_INCREMENT for table `umab_ankesat`
--
ALTER TABLE `umab_ankesat`
  MODIFY `id_ankesa` int(11) NOT NULL AUTO_INCREMENT, AUTO_INCREMENT=2;

--
-- AUTO_INCREMENT for table `umab_antarsimet`
--
ALTER TABLE `umab_antarsimet`
  MODIFY `id_antarsimi` int(11) NOT NULL AUTO_INCREMENT, AUTO_INCREMENT=8;

--
-- AUTO_INCREMENT for table `umab_dega`
--
ALTER TABLE `umab_dega`
  MODIFY `id_dega` int(11) NOT NULL AUTO_INCREMENT, AUTO_INCREMENT=21;

--
-- AUTO_INCREMENT for table `umab_log_perdoruesit_pshtimit`
--
ALTER TABLE `umab_log_perdoruesit_pshtimit`
  MODIFY `id_p` int(11) NOT NULL AUTO_INCREMENT, AUTO_INCREMENT=25;

--
-- AUTO_INCREMENT for table `umab_menyt`
--
ALTER TABLE `umab_menyt`
  MODIFY `id_meny` int(11) NOT NULL AUTO_INCREMENT, AUTO_INCREMENT=14;

--
-- AUTO_INCREMENT for table `umab_perdoruesit`
--
ALTER TABLE `umab_perdoruesit`
  MODIFY `id_p` int(11) NOT NULL AUTO_INCREMENT, AUTO_INCREMENT=25;

--
-- AUTO_INCREMENT for table `umab_tedhenat`
--
ALTER TABLE `umab_tedhenat`
  MODIFY `id_tedhenat` int(11) NOT NULL AUTO_INCREMENT, AUTO_INCREMENT=21;

--
-- Constraints for dumped tables
--

--
-- Constraints for table `umab_antarsimet`
--
ALTER TABLE `umab_antarsimet`
  ADD CONSTRAINT `umab_antarsimet_ibfk_1` FOREIGN KEY (`id_dega`) REFERENCES `umab_dega` (`id_dega`);
COMMIT;

/*!40101 SET CHARACTER_SET_CLIENT=@OLD_CHARACTER_SET_CLIENT */;
/*!40101 SET CHARACTER_SET_RESULTS=@OLD_CHARACTER_SET_RESULTS */;
/*!40101 SET COLLATION_CONNECTION=@OLD_COLLATION_CONNECTION */;
